{"type": "FeatureCollection", "features": [{"type": "Feature", "geometry": {"type": "Point", "coordinates": [-122.81581, 47.49742]}, "properties": {"rank": 1, "name": "Bear Creek", "operator": "Peninsula Topsoil Llc", "county": "Mason", "acres": 380.0, "depth_ft": 170.0, "commodity": "Sand and Gravel", "ground": "glacial deposits", "tier": 1, "unit": "Pleistocene continental glacial drift", "km_to_find": 19.8}}, {"type": "Feature", "geometry": {"type": "Point", "coordinates": [-117.49617, 47.56805]}, "properties": {"rank": 2, "name": "Interstate", "operator": "Interstate Concrete & Asphalt", "county": "Spokane", "acres": 181.0, "depth_ft": 175.0, "commodity": "Rock and Stone", "ground": "Ice Age flood deposits", "tier": 1, "unit": "Pleistocene outburst flood deposits", "km_to_find": 10.8}}, {"type": "Feature", "geometry": {"type": "Point", "coordinates": [-117.45021, 47.22731]}, "properties": {"rank": 3, "name": "Van Dyke", "operator": "Whitman County Public Works", "county": "Whitman", "acres": 115.98, "depth_ft": 190.0, "commodity": "Sand and Gravel", "ground": "Ice Age flood deposits", "tier": 1, "unit": "Pleistocene outburst flood deposits", "km_to_find": 6.2}}, {"type": "Feature", "geometry": {"type": "Point", "coordinates": [-122.73254, 47.5554]}, "properties": {"rank": 4, "name": "Basalt Quarry A B & C", "operator": "Kitsap Quarry Llc", "county": "Kitsap", "acres": 89.4, "depth_ft": 200.0, "commodity": "Rock and Stone", "ground": "glacial deposits", "tier": 1, "unit": "Pleistocene continental glacial drift", "km_to_find": 11.1}}, {"type": "Feature", "geometry": {"type": "Point", "coordinates": [-117.56511, 47.68406]}, "properties": {"rank": 5, "name": "Euclid Rd Pit", "operator": "Murphy Bros Inc", "county": "Spokane", "acres": 108.5, "depth_ft": 150.0, "commodity": "Sand and Gravel", "ground": "Ice Age flood deposits", "tier": 1, "unit": "Pleistocene outburst flood deposits", "km_to_find": 22.3}}, {"type": "Feature", "geometry": {"type": "Point", "coordinates": [-122.7074, 47.55428]}, "properties": {"rank": 6, "name": "Kitsap Quarry", "operator": "Kitsap Quarry Llc", "county": "Kitsap", "acres": 71.3, "depth_ft": 200.0, "commodity": "Rock and Stone", "ground": "glacial deposits", "tier": 1, "unit": "Pleistocene continental glacial drift", "km_to_find": 9.5}}, {"type": "Feature", "geometry": {"type": "Point", "coordinates": [-122.75347, 48.01599]}, "properties": {"rank": 7, "name": "Shold Excavating Inc", "operator": "Shold Excavating Inc", "county": "Jefferson", "acres": 120.88, "depth_ft": 130.0, "commodity": "Rock and Stone", "ground": "glacial deposits", "tier": 1, "unit": "Pleistocene continental glacial drift", "km_to_find": 11.2}}, {"type": "Feature", "geometry": {"type": "Point", "coordinates": [-117.4952, 47.58]}, "properties": {"rank": 8, "name": "Grove Rd Pit", "operator": "Poe Asphalt Paving Inc", "county": "Spokane", "acres": 68.0, "depth_ft": 200.0, "commodity": "Sand and Gravel", "ground": "Ice Age flood deposits", "tier": 1, "unit": "Pleistocene outburst flood deposits", "km_to_find": 12.0}}, {"type": "Feature", "geometry": {"type": "Point", "coordinates": [-123.16911, 48.13209]}, "properties": {"rank": 9, "name": "Cays Rd Pit", "operator": "Blake Sand & Gravel Inc", "county": "Clallam", "acres": 57.0, "depth_ft": 200.0, "commodity": "Sand and Gravel", "ground": "glacial deposits", "tier": 1, "unit": "Pleistocene continental glacial drift", "km_to_find": 8.8}}, {"type": "Feature", "geometry": {"type": "Point", "coordinates": [-122.72865, 47.6491]}, "properties": {"rank": 10, "name": "Dickey", "operator": "Port Orchard Sand & Gravel", "county": "Kitsap", "acres": 150.0, "depth_ft": 100.0, "commodity": "Sand and Gravel", "ground": "glacial deposits", "tier": 1, "unit": "Pleistocene continental glacial till", "km_to_find": 11.1}}, {"type": "Feature", "geometry": {"type": "Point", "coordinates": [-117.50368, 47.57502]}, "properties": {"rank": 11, "name": "Grove Pit", "operator": "Shamrock Paving Inc", "county": "Spokane", "acres": 125.0, "depth_ft": 100.0, "commodity": "Sand and Gravel", "ground": "Ice Age flood deposits", "tier": 1, "unit": "Pleistocene outburst flood deposits", "km_to_find": 11.2}}, {"type": "Feature", "geometry": {"type": "Point", "coordinates": [-120.65467, 47.46817]}, "properties": {"rank": 12, "name": "Blewett Pass", "operator": "R&P Rock Llc", "county": "Chelan", "acres": 37.4, "depth_ft": 340.0, "commodity": "Rock and Stone", "ground": "glacial deposits", "tier": 1, "unit": "Pleistocene alpine glacial drift", "km_to_find": 14.6}}, {"type": "Feature", "geometry": {"type": "Point", "coordinates": [-122.72725, 47.64157]}, "properties": {"rank": 13, "name": "Dickey", "operator": "Pyramid Materials Inc", "county": "Kitsap", "acres": 60.0, "depth_ft": 150.0, "commodity": "Sand and Gravel", "ground": "glacial deposits", "tier": 1, "unit": "Pleistocene continental glacial till", "km_to_find": 10.6}}, {"type": "Feature", "geometry": {"type": "Point", "coordinates": [-120.27426, 47.55879]}, "properties": {"rank": 14, "name": "Wenatchee Rock Pit", "operator": "Central Washington Asphalt, Inc", "county": "Chelan", "acres": 55.5, "depth_ft": 160.0, "commodity": "Sand and Gravel", "ground": "Ice Age flood deposits", "tier": 1, "unit": "Pleistocene outburst flood deposits", "km_to_find": 18.8}}, {"type": "Feature", "geometry": {"type": "Point", "coordinates": [-122.73901, 47.50715]}, "properties": {"rank": 15, "name": "Skia Surface Mine", "operator": "Mccormick Land Company", "county": "Kitsap", "acres": 85.5, "depth_ft": 110.0, "commodity": "Sand and Gravel", "ground": "glacial deposits", "tier": 1, "unit": "Pleistocene continental glacial till", "km_to_find": 14.7}}, {"type": "Feature", "geometry": {"type": "Point", "coordinates": [-119.10497, 47.42958]}, "properties": {"rank": 16, "name": "Mordhorst Pit #87", "operator": "Grant County Public Works", "county": "Grant", "acres": 49.57, "depth_ft": 170.0, "commodity": "Sand and Gravel", "ground": "Ice Age flood deposits", "tier": 1, "unit": "Pleistocene outburst flood deposits", "km_to_find": 23.0}}, {"type": "Feature", "geometry": {"type": "Point", "coordinates": [-117.57893, 47.65876]}, "properties": {"rank": 17, "name": "Hayford Pit", "operator": "Cpm Development Corp", "county": "Spokane", "acres": 166.0, "depth_ft": 80.0, "commodity": "Sand and Gravel", "ground": "Ice Age flood deposits", "tier": 1, "unit": "Pleistocene outburst flood deposits", "km_to_find": 19.5}}, {"type": "Feature", "geometry": {"type": "Point", "coordinates": [-122.61892, 48.20005]}, "properties": {"rank": 18, "name": "Miracle Mine", "operator": "Miracle Mine Llc", "county": "Island", "acres": 65.0, "depth_ft": 121.0, "commodity": "Sand and Gravel", "ground": "glacial deposits", "tier": 1, "unit": "Pleistocene continental glacial drift", "km_to_find": 14.0}}, {"type": "Feature", "geometry": {"type": "Point", "coordinates": [-117.55894, 47.68325]}, "properties": {"rank": 19, "name": "Hayford North Pit", "operator": "Murphy Brothers Inc", "county": "Spokane", "acres": 118.0, "depth_ft": 90.0, "commodity": "Sand and Gravel", "ground": "Ice Age flood deposits", "tier": 1, "unit": "Pleistocene outburst flood deposits", "km_to_find": 22.2}}, {"type": "Feature", "geometry": {"type": "Point", "coordinates": [-117.50553, 47.56753]}, "properties": {"rank": 20, "name": "Grove Rd Pit", "operator": "Action Materials Inc", "county": "Spokane", "acres": 38.83, "depth_ft": 210.0, "commodity": "Sand and Gravel", "ground": "Ice Age flood deposits", "tier": 1, "unit": "Pleistocene outburst flood deposits", "km_to_find": 10.4}}, {"type": "Feature", "geometry": {"type": "Point", "coordinates": [-122.78324, 47.52152]}, "properties": {"rank": 21, "name": "Union River", "operator": "Meridian Terrace Llc", "county": "Kitsap", "acres": 105.0, "depth_ft": 80.0, "commodity": "Sand and Gravel", "ground": "glacial deposits", "tier": 1, "unit": "Pleistocene continental glacial drift", "km_to_find": 16.3}}, {"type": "Feature", "geometry": {"type": "Point", "coordinates": [-117.43734, 46.81321]}, "properties": {"rank": 22, "name": "Miller Quarry", "operator": "Seubert Excavators Inc", "county": "Whitman", "acres": 33.0, "depth_ft": 200.0, "commodity": "Rock and Stone", "ground": "loess", "tier": 1, "unit": "Quaternary eolian deposits, loess", "km_to_find": 22.7}}, {"type": "Feature", "geometry": {"type": "Point", "coordinates": [-122.72327, 47.57741]}, "properties": {"rank": 23, "name": "Sand & Gravel A/B", "operator": "Kitsap Quarry Llc", "county": "Kitsap", "acres": 78.9, "depth_ft": 90.0, "commodity": "Sand and Gravel", "ground": "glacial deposits", "tier": 1, "unit": "Pleistocene continental glacial drift", "km_to_find": 9.6}}, {"type": "Feature", "geometry": {"type": "Point", "coordinates": [-122.69834, 47.56127]}, "properties": {"rank": 24, "name": "Werner Rd", "operator": "Miles Sand & Gravel Co", "county": "Kitsap", "acres": 46.0, "depth_ft": 115.0, "commodity": "Sand and Gravel", "ground": "glacial deposits", "tier": 1, "unit": "Pleistocene continental glacial drift", "km_to_find": 8.5}}, {"type": "Feature", "geometry": {"type": "Point", "coordinates": [-120.27887, 47.44004]}, "properties": {"rank": 25, "name": "City Of Wenatchee", "operator": "City Of Wenatchee", "county": "Douglas", "acres": 37.2, "depth_ft": 150.0, "commodity": "Sand and Gravel", "ground": "Ice Age flood deposits", "tier": 1, "unit": "Pleistocene outburst flood deposits", "km_to_find": 23.1}}, {"type": "Feature", "geometry": {"type": "Point", "coordinates": [-117.55845, 47.65821]}, "properties": {"rank": 26, "name": "Hayford", "operator": "Murphy Bros Inc", "county": "Spokane", "acres": 182.0, "depth_ft": 50.0, "commodity": "Sand and Gravel", "ground": "Ice Age flood deposits", "tier": 1, "unit": "Pleistocene outburst flood deposits", "km_to_find": 19.5}}, {"type": "Feature", "geometry": {"type": "Point", "coordinates": [-120.27347, 47.54134]}, "properties": {"rank": 27, "name": "Farrington", "operator": "Pipkin Construction", "county": "Douglas", "acres": 43.0, "depth_ft": 110.0, "commodity": "Sand and Gravel", "ground": "Ice Age flood deposits", "tier": 1, "unit": "Pleistocene outburst flood deposits", "km_to_find": 19.0}}, {"type": "Feature", "geometry": {"type": "Point", "coordinates": [-122.58429, 47.8097]}, "properties": {"rank": 28, "name": "Pt Gamble", "operator": "Pope Resources", "county": "Kitsap", "acres": 36.33, "depth_ft": 130.0, "commodity": "Sand and Gravel", "ground": "glacial deposits", "tier": 1, "unit": "Pleistocene continental glacial till", "km_to_find": 23.3}}, {"type": "Feature", "geometry": {"type": "Point", "coordinates": [-122.55482, 47.7742]}, "properties": {"rank": 29, "name": "Miller Bay", "operator": "Peninsula Topsoil Llc", "county": "Kitsap", "acres": 62.25, "depth_ft": 75.0, "commodity": "Sand and Gravel", "ground": "glacial deposits", "tier": 1, "unit": "Pleistocene continental glacial drift", "km_to_find": 19.7}}, {"type": "Feature", "geometry": {"type": "Point", "coordinates": [-122.63932, 47.46284]}, "properties": {"rank": 30, "name": "Spencer Pit", "operator": "Morrison Gravel Inc", "county": "Kitsap", "acres": 72.37, "depth_ft": 65.0, "commodity": "Sand and Gravel", "ground": "glacial deposits", "tier": 1, "unit": "Pleistocene continental glacial drift", "km_to_find": 15.5}}, {"type": "Feature", "geometry": {"type": "Point", "coordinates": [-122.72343, 48.21201]}, "properties": {"rank": 31, "name": "Libbey", "operator": "Penn Cove Inc", "county": "Island", "acres": 53.0, "depth_ft": 80.0, "commodity": "Sand and Gravel", "ground": "glacial deposits", "tier": 1, "unit": "Pleistocene continental glacial drift", "km_to_find": 10.9}}, {"type": "Feature", "geometry": {"type": "Point", "coordinates": [-123.12215, 48.12512]}, "properties": {"rank": 32, "name": "Kirner Pit", "operator": "Clallam County Public Works", "county": "Clallam", "acres": 40.0, "depth_ft": 100.0, "commodity": "Sand and Gravel", "ground": "glacial deposits", "tier": 1, "unit": "Pleistocene continental glacial drift", "km_to_find": 6.2}}, {"type": "Feature", "geometry": {"type": "Point", "coordinates": [-122.87596, 48.00245]}, "properties": {"rank": 33, "name": "Discovery Bay", "operator": "Discovery Materials Llc", "county": "Jefferson", "acres": 22.03, "depth_ft": 165.0, "commodity": "Sand and Gravel", "ground": "glacial deposits", "tier": 1, "unit": "Pleistocene continental glacial drift", "km_to_find": 15.4}}, {"type": "Feature", "geometry": {"type": "Point", "coordinates": [-117.71025, 47.61128]}, "properties": {"rank": 34, "name": "Ritchey Road", "operator": "Cheney Sand & Gravel", "county": "Spokane", "acres": 44.0, "depth_ft": 80.0, "commodity": "Sand and Gravel", "ground": "Ice Age flood deposits", "tier": 1, "unit": "Pleistocene outburst flood deposits", "km_to_find": 17.8}}, {"type": "Feature", "geometry": {"type": "Point", "coordinates": [-117.55457, 47.66077]}, "properties": {"rank": 35, "name": "Hayford 52-18", "operator": "Spokane County Public Works", "county": "Spokane", "acres": 52.0, "depth_ft": 70.0, "commodity": "Sand and Gravel", "ground": "Ice Age flood deposits", "tier": 1, "unit": "Pleistocene outburst flood deposits", "km_to_find": 19.8}}, {"type": "Feature", "geometry": {"type": "Point", "coordinates": [-123.10994, 48.10762]}, "properties": {"rank": 36, "name": "Davis", "operator": "Davis Sand & Gravel", "county": "Clallam", "acres": 48.0, "depth_ft": 75.0, "commodity": "Sand and Gravel", "ground": "glacial deposits", "tier": 1, "unit": "Pleistocene continental glacial drift", "km_to_find": 4.1}}, {"type": "Feature", "geometry": {"type": "Point", "coordinates": [-122.83684, 47.46632]}, "properties": {"rank": 37, "name": "Huson", "operator": "Peninsula Topsoil Llc", "county": "Mason", "acres": 60.0, "depth_ft": 60.0, "commodity": "Sand and Gravel", "ground": "glacial deposits", "tier": 1, "unit": "Pleistocene continental glacial drift", "km_to_find": 23.2}}, {"type": "Feature", "geometry": {"type": "Point", "coordinates": [-122.93466, 48.66499]}, "properties": {"rank": 38, "name": "Boxeur One", "operator": "Boxeur Corp", "county": "San Juan", "acres": 53.0, "depth_ft": 60.0, "commodity": "Sand and Gravel", "ground": "glacial deposits", "tier": 1, "unit": "Pleistocene continental glacial drift", "km_to_find": 6.4}}, {"type": "Feature", "geometry": {"type": "Point", "coordinates": [-120.27548, 47.53864]}, "properties": {"rank": 39, "name": "Ps-Do-106", "operator": "Douglas County Tls", "county": "Douglas", "acres": 32.9, "depth_ft": 80.0, "commodity": "Sand and Gravel", "ground": "Ice Age flood deposits", "tier": 1, "unit": "Pleistocene outburst flood deposits", "km_to_find": 18.9}}, {"type": "Feature", "geometry": {"type": "Point", "coordinates": [-122.50177, 48.16837]}, "properties": {"rank": 40, "name": "Gilbertson Pit", "operator": "Richard H Clise", "county": "Island", "acres": 25.0, "depth_ft": 90.0, "commodity": "Sand and Gravel", "ground": "glacial deposits", "tier": 1, "unit": "Pleistocene continental glacial drift", "km_to_find": 20.0}}, {"type": "Feature", "geometry": {"type": "Point", "coordinates": [-123.36389, 48.09236]}, "properties": {"rank": 41, "name": "Morse Creek", "operator": "Clallam County Public Works", "county": "Clallam", "acres": 38.4, "depth_ft": 62.0, "commodity": "Sand and Gravel", "ground": "glacial deposits", "tier": 1, "unit": "Pleistocene continental glacial drift", "km_to_find": 19.0}}, {"type": "Feature", "geometry": {"type": "Point", "coordinates": [-122.63506, 47.45976]}, "properties": {"rank": 42, "name": "Bethel Pit", "operator": "B & C Trucking", "county": "Kitsap", "acres": 17.2, "depth_ft": 115.0, "commodity": "Sand and Gravel", "ground": "glacial deposits", "tier": 1, "unit": "Pleistocene continental glacial drift", "km_to_find": 15.8}}, {"type": "Feature", "geometry": {"type": "Point", "coordinates": [-122.65787, 47.43525]}, "properties": {"rank": 43, "name": "West Oak Gravel", "operator": "Kitsap County Public Works", "county": "Kitsap", "acres": 88.0, "depth_ft": 25.0, "commodity": "Sand and Gravel", "ground": "glacial deposits", "tier": 1, "unit": "Pleistocene continental glacial drift", "km_to_find": 18.8}}, {"type": "Feature", "geometry": {"type": "Point", "coordinates": [-122.99899, 48.0207]}, "properties": {"rank": 44, "name": "Blyn", "operator": "Clallam County Public Works", "county": "Clallam", "acres": 18.0, "depth_ft": 110.0, "commodity": "Sand and Gravel", "ground": "glacial deposits", "tier": 1, "unit": "Pleistocene continental glacial drift", "km_to_find": 8.9}}, {"type": "Feature", "geometry": {"type": "Point", "coordinates": [-117.50471, 47.57139]}, "properties": {"rank": 45, "name": "Marshall", "operator": "Spokane County Public Works", "county": "Spokane", "acres": 42.2, "depth_ft": 50.0, "commodity": "Sand and Gravel", "ground": "Ice Age flood deposits", "tier": 1, "unit": "Pleistocene outburst flood deposits", "km_to_find": 10.8}}, {"type": "Feature", "geometry": {"type": "Point", "coordinates": [-122.65797, 47.80269]}, "properties": {"rank": 46, "name": "Lofall Pit", "operator": "Kitsap County Public Works", "county": "Kitsap", "acres": 25.0, "depth_ft": 80.0, "commodity": "Sand and Gravel", "ground": "glacial deposits", "tier": 1, "unit": "Pleistocene continental glacial drift", "km_to_find": 23.0}}, {"type": "Feature", "geometry": {"type": "Point", "coordinates": [-122.63458, 47.45835]}, "properties": {"rank": 47, "name": "High Ridge", "operator": "Miles Sand & Gravel", "county": "Kitsap", "acres": 14.57, "depth_ft": 115.0, "commodity": "Sand and Gravel", "ground": "glacial deposits", "tier": 1, "unit": "Pleistocene continental glacial drift", "km_to_find": 16.0}}, {"type": "Feature", "geometry": {"type": "Point", "coordinates": [-117.39828, 47.49525]}, "properties": {"rank": 48, "name": "Foley 33-08", "operator": "Spokane County Public Works", "county": "Spokane", "acres": 39.0, "depth_ft": 55.0, "commodity": "Sand and Gravel", "ground": "Ice Age flood deposits", "tier": 1, "unit": "Pleistocene outburst flood deposits", "km_to_find": 12.7}}, {"type": "Feature", "geometry": {"type": "Point", "coordinates": [-122.93616, 48.49501]}, "properties": {"rank": 49, "name": "Lopez Sand & Gravel", "operator": "Lopez Sand & Gravel", "county": "San Juan", "acres": 15.0, "depth_ft": 100.0, "commodity": "Sand and Gravel", "ground": "glacial deposits", "tier": 1, "unit": "Pleistocene continental glacial till", "km_to_find": 11.5}}, {"type": "Feature", "geometry": {"type": "Point", "coordinates": [-123.28191, 48.09609]}, "properties": {"rank": 50, "name": "Blue Mountain", "operator": "Scarsella Bros Inc", "county": "Clallam", "acres": 41.5, "depth_ft": 40.0, "commodity": "Sand and Gravel", "ground": "glacial deposits", "tier": 1, "unit": "Pleistocene continental glacial drift", "km_to_find": 13.3}}, {"type": "Feature", "geometry": {"type": "Point", "coordinates": [-122.67273, 47.41634]}, "properties": {"rank": 51, "name": "Bomac Facility", "operator": "Miles Sand & Gravel", "county": "Kitsap", "acres": 35.6, "depth_ft": 50.0, "commodity": "Sand and Gravel", "ground": "glacial deposits", "tier": 1, "unit": "Pleistocene continental glacial drift", "km_to_find": 21.1}}, {"type": "Feature", "geometry": {"type": "Point", "coordinates": [-117.69623, 47.60014]}, "properties": {"rank": 52, "name": "Jc Sandbox", "operator": "Jc Sandbox", "county": "Spokane", "acres": 46.394000000000005, "depth_ft": 35.0, "commodity": "Sand and Gravel", "ground": "Ice Age flood deposits", "tier": 1, "unit": "Pleistocene outburst flood deposits", "km_to_find": 16.2}}, {"type": "Feature", "geometry": {"type": "Point", "coordinates": [-122.64459, 48.32396]}, "properties": {"rank": 53, "name": "Ault Field", "operator": "Island Const Site & Utilities", "county": "Island", "acres": 30.0, "depth_ft": 54.0, "commodity": "Sand and Gravel", "ground": "glacial deposits", "tier": 1, "unit": "Pleistocene continental glacial drift", "km_to_find": 24.6}}, {"type": "Feature", "geometry": {"type": "Point", "coordinates": [-122.65781, 48.32306]}, "properties": {"rank": 54, "name": "Oak Harbor", "operator": "Miles Sand & Gravel Company", "county": "Island", "acres": 25.0, "depth_ft": 60.0, "commodity": "Sand and Gravel", "ground": "glacial deposits", "tier": 1, "unit": "Pleistocene continental glacial drift", "km_to_find": 24.2}}, {"type": "Feature", "geometry": {"type": "Point", "coordinates": [-122.66141, 47.7964]}, "properties": {"rank": 55, "name": "Pioneer Pit", "operator": "Bankrock Corp", "county": "Kitsap", "acres": 20.0, "depth_ft": 70.0, "commodity": "Sand and Gravel", "ground": "glacial deposits", "tier": 1, "unit": "Pleistocene continental glacial drift", "km_to_find": 22.3}}, {"type": "Feature", "geometry": {"type": "Point", "coordinates": [-120.31035, 47.50524]}, "properties": {"rank": 56, "name": "Edwards Pit", "operator": "Power Tomorrow Llc", "county": "Chelan", "acres": 10.0, "depth_ft": 100.0, "commodity": "Sand and Gravel", "ground": "Ice Age flood deposits", "tier": 1, "unit": "Pleistocene outburst flood deposits", "km_to_find": 17.4}}, {"type": "Feature", "geometry": {"type": "Point", "coordinates": [-122.18756, 47.0172]}, "properties": {"rank": 57, "name": "King Creek", "operator": "Washington Rock Quarries Inc", "county": "Pierce", "acres": 842.0, "depth_ft": 350.0, "commodity": "Sand and Gravel", "ground": "glacial deposits", "tier": 1, "unit": "Pleistocene continental glacial drift", "km_to_find": 71.9}}, {"type": "Feature", "geometry": {"type": "Point", "coordinates": [-117.60104, 47.59184]}, "properties": {"rank": 58, "name": "Craig Rd 41-11A", "operator": "Spokane County Public Works", "county": "Spokane", "acres": 46.0, "depth_ft": 25.0, "commodity": "Sand and Gravel", "ground": "Ice Age flood deposits", "tier": 1, "unit": "Pleistocene outburst flood deposits", "km_to_find": 12.3}}, {"type": "Feature", "geometry": {"type": "Point", "coordinates": [-122.64246, 47.80754]}, "properties": {"rank": 59, "name": "Zimmer Pit", "operator": "Dukes Industries Llc", "county": "Kitsap", "acres": 25.0, "depth_ft": 50.0, "commodity": "Sand and Gravel", "ground": "glacial deposits", "tier": 1, "unit": "Pleistocene continental glacial drift", "km_to_find": 23.3}}, {"type": "Feature", "geometry": {"type": "Point", "coordinates": [-118.73008, 46.64214]}, "properties": {"rank": 60, "name": "Sulfur", "operator": "Connell Sand & Gravel Inc", "county": "Franklin", "acres": 243.0, "depth_ft": 380.0, "commodity": "Sand and Gravel", "ground": "Ice Age flood deposits", "tier": 1, "unit": "Pleistocene outburst flood deposits", "km_to_find": 43.5}}, {"type": "Feature", "geometry": {"type": "Point", "coordinates": [-121.92873, 48.10889]}, "properties": {"rank": 61, "name": "Csr Granite Falls", "operator": "Cadman Materials", "county": "Snohomish", "acres": 425.0, "depth_ft": 300.0, "commodity": "Sand and Gravel", "ground": "glacial deposits", "tier": 1, "unit": "Pleistocene continental glacial drift", "km_to_find": 61.8}}, {"type": "Feature", "geometry": {"type": "Point", "coordinates": [-122.86227, 48.10489]}, "properties": {"rank": 62, "name": "Cape George", "operator": "Lakeside Industries Inc", "county": "Jefferson", "acres": 29.0, "depth_ft": 40.0, "commodity": "Sand and Gravel", "ground": "glacial deposits", "tier": 1, "unit": "Pleistocene continental glacial drift", "km_to_find": 7.7}}, {"type": "Feature", "geometry": {"type": "Point", "coordinates": [-117.78653, 46.53126]}, "properties": {"rank": 63, "name": "Atlas Hastings Quarry", "operator": "Eucon Corp", "county": "Garfield", "acres": 17.0, "depth_ft": 65.0, "commodity": "Rock and Stone", "ground": "loess", "tier": 1, "unit": "Quaternary eolian deposits, loess", "km_to_find": 20.8}}, {"type": "Feature", "geometry": {"type": "Point", "coordinates": [-117.50779, 47.55581]}, "properties": {"rank": 64, "name": "Gillingham Gravel", "operator": "Action Materials Inc", "county": "Spokane", "acres": 19.6, "depth_ft": 60.0, "commodity": "Sand and Gravel", "ground": "Ice Age flood deposits", "tier": 1, "unit": "Pleistocene outburst flood deposits", "km_to_find": 9.2}}, {"type": "Feature", "geometry": {"type": "Point", "coordinates": [-122.20684, 47.20407]}, "properties": {"rank": 65, "name": "Corliss Sumner", "operator": "Corliss Resources Inc", "county": "Pierce", "acres": 240.0, "depth_ft": 300.0, "commodity": "Sand and Gravel", "ground": "glacial deposits", "tier": 1, "unit": "Pleistocene continental glacial drift", "km_to_find": 53.0}}, {"type": "Feature", "geometry": {"type": "Point", "coordinates": [-117.53974, 47.32922]}, "properties": {"rank": 66, "name": "Cheney Plaza 12-08", "operator": "Spokane County Public Works", "county": "Spokane", "acres": 20.0, "depth_ft": 55.0, "commodity": "Rock and Stone", "ground": "loess", "tier": 1, "unit": "Quaternary eolian deposits, loess", "km_to_find": 14.2}}, {"type": "Feature", "geometry": {"type": "Point", "coordinates": [-121.62727, 47.83032]}, "properties": {"rank": 67, "name": "Cadman Longview", "operator": "Cadman Materials, Inc.", "county": "Snohomish", "acres": 230.0, "depth_ft": 300.0, "commodity": "Sand and Gravel", "ground": "glacial deposits", "tier": 1, "unit": "Pleistocene continental glacial drift", "km_to_find": 77.1}}, {"type": "Feature", "geometry": {"type": "Point", "coordinates": [-117.78925, 47.59585]}, "properties": {"rank": 68, "name": "Logan 40-5", "operator": "Spokane County Public Works", "county": "Spokane", "acres": 19.0, "depth_ft": 60.0, "commodity": "Sand and Gravel", "ground": "Ice Age flood deposits", "tier": 1, "unit": "Pleistocene outburst flood deposits", "km_to_find": 20.9}}, {"type": "Feature", "geometry": {"type": "Point", "coordinates": [-122.19529, 47.27047]}, "properties": {"rank": 69, "name": "Auburn Pit", "operator": "Icon Materials", "county": "King", "acres": 664.0, "depth_ft": 225.0, "commodity": "Sand and Gravel", "ground": "glacial deposits", "tier": 1, "unit": "Pleistocene continental glacial drift", "km_to_find": 47.6}}, {"type": "Feature", "geometry": {"type": "Point", "coordinates": [-121.64727, 47.83107]}, "properties": {"rank": 70, "name": "Miller Quarry", "operator": "Glacier Northwest Inc. Dba Calportland", "county": "Snohomish", "acres": 147.0, "depth_ft": 445.0, "commodity": "Dolomite", "ground": "glacial deposits", "tier": 1, "unit": "Pleistocene continental glacial drift", "km_to_find": 75.8}}, {"type": "Feature", "geometry": {"type": "Point", "coordinates": [-122.73209, 48.21502]}, "properties": {"rank": 71, "name": "Ps-Is-74 Kettles", "operator": "Dot - Dept Of Transportation", "county": "Island", "acres": 33.7, "depth_ft": 30.0, "commodity": "Sand and Gravel", "ground": "glacial deposits", "tier": 1, "unit": "Pleistocene continental glacial drift", "km_to_find": 11.1}}, {"type": "Feature", "geometry": {"type": "Point", "coordinates": [-117.94848, 48.59596]}, "properties": {"rank": 72, "name": "Spanish Prairie", "operator": "Interstate Concrete & Asphalt", "county": "Stevens", "acres": 126.0, "depth_ft": 880.0, "commodity": "Sand and Gravel", "ground": "glacial deposits", "tier": 1, "unit": "Pleistocene continental glacial drift", "km_to_find": 126.9}}, {"type": "Feature", "geometry": {"type": "Point", "coordinates": [-121.81847, 47.55092]}, "properties": {"rank": 73, "name": "Snoqualmie S & G", "operator": "Northwest Aggregate", "county": "King", "acres": 212.0, "depth_ft": 255.0, "commodity": "Sand and Gravel", "ground": "glacial deposits", "tier": 1, "unit": "Pleistocene continental glacial drift", "km_to_find": 58.9}}, {"type": "Feature", "geometry": {"type": "Point", "coordinates": [-123.0427, 47.54387]}, "properties": {"rank": 74, "name": "Hama Hama", "operator": "Hama Hama Co", "county": "Mason", "acres": 183.0, "depth_ft": 280.0, "commodity": "Sand and Gravel", "ground": "glacial deposits", "tier": 1, "unit": "Pleistocene alpine glacial drift", "km_to_find": 33.8}}, {"type": "Feature", "geometry": {"type": "Point", "coordinates": [-117.19119, 47.67601]}, "properties": {"rank": 75, "name": "Sullivan Road", "operator": "Cpm Development Corp", "county": "Spokane", "acres": 261.5, "depth_ft": 220.0, "commodity": "Sand and Gravel", "ground": "Ice Age flood deposits", "tier": 1, "unit": "Pleistocene outburst flood deposits", "km_to_find": 35.4}}, {"type": "Feature", "geometry": {"type": "Point", "coordinates": [-117.11636, 46.40551]}, "properties": {"rank": 76, "name": "Evans Road Pit", "operator": "Eucon Corp", "county": "Asotin", "acres": 270.0, "depth_ft": 215.0, "commodity": "Sand and Gravel", "ground": "loess", "tier": 1, "unit": "Quaternary eolian deposits, loess", "km_to_find": 55.2}}, {"type": "Feature", "geometry": {"type": "Point", "coordinates": [-122.68866, 47.3904]}, "properties": {"rank": 77, "name": "Poleline", "operator": "Pierce County Public Works", "county": "Pierce", "acres": 38.0, "depth_ft": 20.0, "commodity": "Sand and Gravel", "ground": "glacial deposits", "tier": 1, "unit": "Pleistocene continental glacial drift", "km_to_find": 24.2}}, {"type": "Feature", "geometry": {"type": "Point", "coordinates": [-122.21645, 47.14789]}, "properties": {"rank": 78, "name": "Fennel Resources", "operator": "Miles Sand & Gravel", "county": "Pierce", "acres": 116.5, "depth_ft": 400.0, "commodity": "Sand and Gravel", "ground": "glacial deposits", "tier": 1, "unit": "Pleistocene continental glacial drift", "km_to_find": 58.0}}, {"type": "Feature", "geometry": {"type": "Point", "coordinates": [-122.22254, 47.22487]}, "properties": {"rank": 79, "name": "Valley View", "operator": "Sumner Sand & Gravel Llc", "county": "Pierce", "acres": 132.0, "depth_ft": 308.0, "commodity": "Sand and Gravel", "ground": "glacial deposits", "tier": 1, "unit": "Pleistocene continental glacial drift", "km_to_find": 50.5}}, {"type": "Feature", "geometry": {"type": "Point", "coordinates": [-122.02526, 47.54219]}, "properties": {"rank": 80, "name": "Issaquah Gravel", "operator": "Lakeside Industries Inc", "county": "King", "acres": 167.0, "depth_ft": 250.0, "commodity": "Sand and Gravel", "ground": "glacial deposits", "tier": 1, "unit": "Pleistocene continental glacial drift", "km_to_find": 43.6}}, {"type": "Feature", "geometry": {"type": "Point", "coordinates": [-122.99814, 48.02185]}, "properties": {"rank": 81, "name": "Blyn", "operator": "W E Seton/Bruce B Seton", "county": "Clallam", "acres": 5.0, "depth_ft": 80.0, "commodity": "Sand and Gravel", "ground": "glacial deposits", "tier": 1, "unit": "Pleistocene continental glacial drift", "km_to_find": 8.9}}, {"type": "Feature", "geometry": {"type": "Point", "coordinates": [-122.65435, 47.11693]}, "properties": {"rank": 82, "name": "Dupont Pioneer Agg", "operator": "Glacier Nw/Dba Calportland", "county": "Pierce", "acres": 565.0, "depth_ft": 185.0, "commodity": "Sand and Gravel", "ground": "glacial deposits", "tier": 1, "unit": "Pleistocene continental glacial drift", "km_to_find": 53.9}}, {"type": "Feature", "geometry": {"type": "Point", "coordinates": [-118.6043, 48.67491]}, "properties": {"rank": 83, "name": "Kinross Gold Usa Inc/Processing Plant", "operator": "Echo Bay Minerals Co-Kinross Gold", "county": "Ferry", "acres": 224.9, "depth_ft": 205.0, "commodity": "Geology Other", "ground": "glacial deposits", "tier": 1, "unit": "Pleistocene continental glacial drift", "km_to_find": 128.4}}, {"type": "Feature", "geometry": {"type": "Point", "coordinates": [-123.06823, 47.23393]}, "properties": {"rank": 84, "name": "Johns Prairie", "operator": "Manke Family Resources", "county": "Mason", "acres": 400.5, "depth_ft": 181.0, "commodity": "Sand and Gravel", "ground": "glacial deposits", "tier": 1, "unit": "Pleistocene continental glacial till", "km_to_find": 53.8}}, {"type": "Feature", "geometry": {"type": "Point", "coordinates": [-121.16486, 45.63983]}, "properties": {"rank": 85, "name": "Smithville", "operator": "Interstate Concrete & Asphalt Company Dba Hood River", "county": "Klickitat", "acres": 240.0, "depth_ft": 200.0, "commodity": "Sand and Gravel", "ground": "Ice Age flood deposits", "tier": 1, "unit": "Pleistocene outburst flood deposits", "km_to_find": 140.3}}, {"type": "Feature", "geometry": {"type": "Point", "coordinates": [-121.88218, 47.31977]}, "properties": {"rank": 86, "name": "Palmer", "operator": "Schrod Mar Inc", "county": "King", "acres": 124.0, "depth_ft": 300.0, "commodity": "Sand and Gravel", "ground": "glacial deposits", "tier": 1, "unit": "Pleistocene continental glacial drift", "km_to_find": 62.3}}, {"type": "Feature", "geometry": {"type": "Point", "coordinates": [-118.24354, 46.13634]}, "properties": {"rank": 87, "name": "Walla Walla Gravel & Rock", "operator": "Walla Walla Gravel & Rock Llc", "county": "Walla Walla", "acres": 221.0, "depth_ft": 200.0, "commodity": "Sand and Gravel", "ground": "loess", "tier": 1, "unit": "Quaternary eolian deposits, loess", "km_to_find": 76.2}}, {"type": "Feature", "geometry": {"type": "Point", "coordinates": [-118.35835, 46.98008]}, "properties": {"rank": 88, "name": "Ralston #3", "operator": "Adams County Public Works", "county": "Adams", "acres": 32.0, "depth_ft": 20.0, "commodity": "Sand and Gravel", "ground": "Ice Age flood deposits", "tier": 1, "unit": "Pleistocene outburst flood deposits", "km_to_find": 11.0}}, {"type": "Feature", "geometry": {"type": "Point", "coordinates": [-123.09412, 47.10786]}, "properties": {"rank": 89, "name": "Kennedy Creek Quarry", "operator": "Gilliardi Logging & Construction", "county": "Mason", "acres": 136.74, "depth_ft": 250.0, "commodity": "Rock and Stone", "ground": "glacial deposits", "tier": 1, "unit": "Pleistocene continental glacial drift", "km_to_find": 66.2}}, {"type": "Feature", "geometry": {"type": "Point", "coordinates": [-119.52092, 48.49954]}, "properties": {"rank": 90, "name": "Brown/Riverside", "operator": "Pacific Calcium Inc", "county": "Okanogan", "acres": 106.2, "depth_ft": 301.0, "commodity": "Dolomite", "ground": "glacial deposits", "tier": 1, "unit": "Pleistocene continental glacial drift", "km_to_find": 101.1}}, {"type": "Feature", "geometry": {"type": "Point", "coordinates": [-121.7032, 48.29465]}, "properties": {"rank": 91, "name": "Skaglund Quarry", "operator": "A & E Llc", "county": "Snohomish", "acres": 106.17, "depth_ft": 290.0, "commodity": "Rock and Stone", "ground": "glacial deposits", "tier": 1, "unit": "Pleistocene continental glacial drift", "km_to_find": 80.8}}, {"type": "Feature", "geometry": {"type": "Point", "coordinates": [-121.97366, 48.10399]}, "properties": {"rank": 92, "name": "Riverscene Resources", "operator": "Granite Const Co/Western Wa", "county": "Snohomish", "acres": 185.0, "depth_ft": 180.0, "commodity": "Sand and Gravel", "ground": "glacial deposits", "tier": 1, "unit": "Pleistocene continental glacial drift", "km_to_find": 58.4}}, {"type": "Feature", "geometry": {"type": "Point", "coordinates": [-119.26237, 47.62824]}, "properties": {"rank": 93, "name": "Tucker", "operator": "Central Washington Asphalt Inc", "county": "Grant", "acres": 27.080000000000002, "depth_ft": 21.0, "commodity": "Sand and Gravel", "ground": "Ice Age flood deposits", "tier": 1, "unit": "Pleistocene outburst flood deposits", "km_to_find": 2.3}}, {"type": "Feature", "geometry": {"type": "Point", "coordinates": [-122.29892, 48.88008]}, "properties": {"rank": 94, "name": "Siper Rd", "operator": "Miles Sand & Gravel Company", "county": "Whatcom", "acres": 184.0, "depth_ft": 170.0, "commodity": "Sand and Gravel", "ground": "glacial deposits", "tier": 1, "unit": "Pleistocene continental glacial drift", "km_to_find": 55.1}}, {"type": "Feature", "geometry": {"type": "Point", "coordinates": [-121.9678, 48.53477]}, "properties": {"rank": 95, "name": "Hamilton Mine", "operator": "Miles Sand & Gravel Company", "county": "Skagit", "acres": 240.0, "depth_ft": 160.0, "commodity": "Sand and Gravel", "ground": "glacial deposits", "tier": 1, "unit": "Pleistocene continental glacial drift", "km_to_find": 71.1}}, {"type": "Feature", "geometry": {"type": "Point", "coordinates": [-117.3838, 47.7827]}, "properties": {"rank": 96, "name": "Perry Quarry", "operator": "Cpm Development Corp", "county": "Spokane", "acres": 167.0, "depth_ft": 170.0, "commodity": "Rock and Stone", "ground": "Ice Age flood deposits", "tier": 1, "unit": "Pleistocene outburst flood deposits", "km_to_find": 36.0}}, {"type": "Feature", "geometry": {"type": "Point", "coordinates": [-117.16605, 46.76159]}, "properties": {"rank": 97, "name": "Cochran Ii", "operator": "Shawnee Rock Inc", "county": "Whitman", "acres": 96.5, "depth_ft": 260.0, "commodity": "Rock and Stone", "ground": "loess", "tier": 1, "unit": "Quaternary eolian deposits, loess", "km_to_find": 40.5}}, {"type": "Feature", "geometry": {"type": "Point", "coordinates": [-121.94477, 47.19948]}, "properties": {"rank": 98, "name": "Enumclaw Pit", "operator": "Corliss Resources Inc", "county": "King", "acres": 346.90000000000003, "depth_ft": 139.0, "commodity": "Sand and Gravel", "ground": "glacial deposits", "tier": 1, "unit": "Pleistocene continental glacial drift", "km_to_find": 66.4}}, {"type": "Feature", "geometry": {"type": "Point", "coordinates": [-122.70882, 47.04727]}, "properties": {"rank": 99, "name": "Nisqually", "operator": "Nielsen Pacific Ltd", "county": "Thurston", "acres": 205.0, "depth_ft": 155.0, "commodity": "Sand and Gravel", "ground": "glacial deposits", "tier": 1, "unit": "Pleistocene continental glacial drift", "km_to_find": 62.0}}, {"type": "Feature", "geometry": {"type": "Point", "coordinates": [-119.46188, 46.24452]}, "properties": {"rank": 100, "name": "Kiona Pit", "operator": "Central Washington Asphalt Inc", "county": "Benton", "acres": 138.3, "depth_ft": 175.0, "commodity": "Sand and Gravel", "ground": "Ice Age flood deposits", "tier": 1, "unit": "Pleistocene outburst flood deposits", "km_to_find": 111.6}}, {"type": "Feature", "geometry": {"type": "Point", "coordinates": [-122.33456, 48.54351]}, "properties": {"rank": 101, "name": "Samish River", "operator": "Miles Sand & Gravel Company", "county": "Skagit", "acres": 100.0, "depth_ft": 220.0, "commodity": "Sand and Gravel", "ground": "glacial deposits", "tier": 1, "unit": "Pleistocene continental glacial till", "km_to_find": 44.2}}, {"type": "Feature", "geometry": {"type": "Point", "coordinates": [-122.6439, 48.19926]}, "properties": {"rank": 102, "name": "Prairie Pit", "operator": "Curt Youderian", "county": "Island", "acres": 15.0, "depth_ft": 40.0, "commodity": "Sand and Gravel", "ground": "glacial deposits", "tier": 1, "unit": "Pleistocene continental glacial drift", "km_to_find": 12.6}}, {"type": "Feature", "geometry": {"type": "Point", "coordinates": [-117.88106, 47.34232]}, "properties": {"rank": 103, "name": "Sprague Quarry", "operator": "Eucon Corp", "county": "Lincoln", "acres": 314.0, "depth_ft": 130.0, "commodity": "Rock and Stone", "ground": "Ice Age flood deposits", "tier": 1, "unit": "Pleistocene outburst flood deposits", "km_to_find": 28.4}}, {"type": "Feature", "geometry": {"type": "Point", "coordinates": [-117.30923, 47.66046]}, "properties": {"rank": 104, "name": "Park Road", "operator": "Class 8 Trucks Inc", "county": "Spokane", "acres": 98.0, "depth_ft": 220.0, "commodity": "Sand and Gravel", "ground": "Ice Age flood deposits", "tier": 1, "unit": "Pleistocene outburst flood deposits", "km_to_find": 27.6}}, {"type": "Feature", "geometry": {"type": "Point", "coordinates": [-123.04904, 47.25034]}, "properties": {"rank": 105, "name": "Johns Creek", "operator": "Bayshore Sand & Gravel", "county": "Mason", "acres": 289.1, "depth_ft": 130.0, "commodity": "Sand and Gravel", "ground": "glacial deposits", "tier": 1, "unit": "Pleistocene continental glacial drift", "km_to_find": 51.5}}, {"type": "Feature", "geometry": {"type": "Point", "coordinates": [-122.00195, 47.10719]}, "properties": {"rank": 106, "name": "Sunset Quarry", "operator": "Sunset Quarry Llc", "county": "Pierce", "acres": 455.0, "depth_ft": 120.0, "commodity": "Rock and Stone", "ground": "glacial deposits", "tier": 1, "unit": "Pleistocene continental glacial drift", "km_to_find": 70.9}}, {"type": "Feature", "geometry": {"type": "Point", "coordinates": [-121.9384, 48.06695]}, "properties": {"rank": 107, "name": "Menzel Lake Gravel", "operator": "Lake Industries Llc", "county": "Snohomish", "acres": 142.0, "depth_ft": 158.0, "commodity": "Sand and Gravel", "ground": "glacial deposits", "tier": 1, "unit": "Pleistocene continental glacial drift", "km_to_find": 61.3}}, {"type": "Feature", "geometry": {"type": "Point", "coordinates": [-124.06634, 47.82112]}, "properties": {"rank": 108, "name": "Canyon Creek Pit", "operator": "Seton Construction Inc", "county": "Jefferson", "acres": 80.0, "depth_ft": 240.0, "commodity": "Rock and Stone", "ground": "glacial deposits", "tier": 1, "unit": "Pleistocene alpine glacial drift", "km_to_find": 75.2}}, {"type": "Feature", "geometry": {"type": "Point", "coordinates": [-122.60302, 48.3646]}, "properties": {"rank": 109, "name": "Boulder Hill", "operator": "Miles Sand & Gravel Company", "county": "Island", "acres": 100.0, "depth_ft": 200.0, "commodity": "Sand and Gravel", "ground": "glacial deposits", "tier": 1, "unit": "Pleistocene continental glacial drift", "km_to_find": 29.9}}, {"type": "Feature", "geometry": {"type": "Point", "coordinates": [-117.85458, 48.55093]}, "properties": {"rank": 110, "name": "Hawkins Src", "operator": "Interstate Concrete & Asphalt", "county": "Stevens", "acres": 95.32000000000001, "depth_ft": 200.0, "commodity": "Rock and Stone", "ground": "glacial deposits", "tier": 1, "unit": "Pleistocene continental glacial drift", "km_to_find": 120.6}}, {"type": "Feature", "geometry": {"type": "Point", "coordinates": [-122.30356, 48.23417]}, "properties": {"rank": 111, "name": "Lenz", "operator": "Lenz Enterprises", "county": "Snohomish", "acres": 108.0, "depth_ft": 175.0, "commodity": "Sand and Gravel", "ground": "glacial deposits", "tier": 1, "unit": "Pleistocene continental glacial drift", "km_to_find": 36.3}}, {"type": "Feature", "geometry": {"type": "Point", "coordinates": [-122.35738, 47.20014]}, "properties": {"rank": 112, "name": "Canyon Resources", "operator": "Miles Sand & Gravel Co", "county": "Pierce", "acres": 101.95, "depth_ft": 180.0, "commodity": "Sand and Gravel", "ground": "glacial deposits", "tier": 1, "unit": "Pleistocene continental glacial drift", "km_to_find": 48.1}}, {"type": "Feature", "geometry": {"type": "Point", "coordinates": [-117.05546, 47.72666]}, "properties": {"rank": 113, "name": "Idaho Road Pit", "operator": "Cpm Development Corp", "county": "Spokane", "acres": 300.0, "depth_ft": 115.0, "commodity": "Sand and Gravel", "ground": "Ice Age flood deposits", "tier": 1, "unit": "Pleistocene outburst flood deposits", "km_to_find": 46.9}}, {"type": "Feature", "geometry": {"type": "Point", "coordinates": [-122.35887, 48.52443]}, "properties": {"rank": 114, "name": "Belleville", "operator": "Miles Sand & Gravel Company", "county": "Skagit", "acres": 100.0, "depth_ft": 185.0, "commodity": "Sand and Gravel", "ground": "glacial deposits", "tier": 1, "unit": "Pleistocene continental glacial drift", "km_to_find": 42.8}}, {"type": "Feature", "geometry": {"type": "Point", "coordinates": [-123.36318, 48.08976]}, "properties": {"rank": 115, "name": "Mt Pleasant Gravel Pit", "operator": "James W Pfaff", "county": "Clallam", "acres": 4.8, "depth_ft": 50.0, "commodity": "Sand and Gravel", "ground": "glacial deposits", "tier": 1, "unit": "Pleistocene continental glacial drift", "km_to_find": 18.8}}, {"type": "Feature", "geometry": {"type": "Point", "coordinates": [-122.30076, 48.3832]}, "properties": {"rank": 116, "name": "Pacific Quarry", "operator": "Martin Marietta Materials Inc", "county": "Skagit", "acres": 67.81, "depth_ft": 260.0, "commodity": "Rock and Stone", "ground": "glacial deposits", "tier": 1, "unit": "Pleistocene continental glacial drift", "km_to_find": 45.1}}, {"type": "Feature", "geometry": {"type": "Point", "coordinates": [-122.6482, 48.21228]}, "properties": {"rank": 117, "name": "Coupeville #2", "operator": "Island County Public Works", "county": "Island", "acres": 20.0, "depth_ft": 20.0, "commodity": "Sand and Gravel", "ground": "glacial deposits", "tier": 1, "unit": "Pleistocene continental glacial drift", "km_to_find": 13.5}}, {"type": "Feature", "geometry": {"type": "Point", "coordinates": [-121.63562, 47.83039]}, "properties": {"rank": 118, "name": "Proctor Creek", "operator": "Cadman Materials Inc", "county": "Snohomish", "acres": 54.94, "depth_ft": 400.0, "commodity": "Sand and Gravel", "ground": "glacial deposits", "tier": 1, "unit": "Pleistocene continental glacial drift", "km_to_find": 76.6}}, {"type": "Feature", "geometry": {"type": "Point", "coordinates": [-122.54835, 47.62072]}, "properties": {"rank": 119, "name": "Bucklin Hill Lynnwood Center Triangle", "operator": "Liden Land Dev & Excav", "county": "Kitsap", "acres": 4.2, "depth_ft": 50.0, "commodity": "Sand and Gravel", "ground": "glacial deposits", "tier": 1, "unit": "Pleistocene continental glacial drift", "km_to_find": 4.5}}, {"type": "Feature", "geometry": {"type": "Point", "coordinates": [-121.96723, 47.27752]}, "properties": {"rank": 120, "name": "Franklin Ridge Sand & Gravel", "operator": "Green Section 30 Llc", "county": "King", "acres": 110.0, "depth_ft": 163.0, "commodity": "Sand and Gravel", "ground": "glacial deposits", "tier": 1, "unit": "Pleistocene continental glacial drift", "km_to_find": 59.6}}, {"type": "Feature", "geometry": {"type": "Point", "coordinates": [-122.89689, 46.89602]}, "properties": {"rank": 121, "name": "Maytown Aggregates", "operator": "Port Of Tacoma", "county": "Thurston", "acres": 497.3, "depth_ft": 106.0, "commodity": "Sand and Gravel", "ground": "glacial deposits", "tier": 1, "unit": "Pleistocene continental glacial drift", "km_to_find": 81.4}}, {"type": "Feature", "geometry": {"type": "Point", "coordinates": [-121.99408, 47.28373]}, "properties": {"rank": 122, "name": "Black Diamond", "operator": "Cadman Materials, Inc.", "county": "King", "acres": 264.0, "depth_ft": 111.0, "commodity": "Sand and Gravel", "ground": "glacial deposits", "tier": 1, "unit": "Pleistocene continental glacial drift", "km_to_find": 57.6}}, {"type": "Feature", "geometry": {"type": "Point", "coordinates": [-120.05351, 47.29597]}, "properties": {"rank": 123, "name": "Palisades", "operator": "Cpm Development Corp", "county": "Douglas", "acres": 150.0, "depth_ft": 130.0, "commodity": "Sand and Gravel", "ground": "Ice Age flood deposits", "tier": 1, "unit": "Pleistocene outburst flood deposits", "km_to_find": 46.4}}, {"type": "Feature", "geometry": {"type": "Point", "coordinates": [-122.21753, 47.13744]}, "properties": {"rank": 124, "name": "Fennel Resources/Weyerhaeuser Expansion", "operator": "Miles Sand & Gravel", "county": "Pierce", "acres": 61.9, "depth_ft": 255.0, "commodity": "Sand and Gravel", "ground": "glacial deposits", "tier": 1, "unit": "Pleistocene continental glacial drift", "km_to_find": 58.9}}, {"type": "Feature", "geometry": {"type": "Point", "coordinates": [-123.13209, 48.12866]}, "properties": {"rank": 125, "name": "Towne Road Gravel Pit", "operator": "J & D Trucking Inc", "county": "Clallam", "acres": 12.8, "depth_ft": 35.0, "commodity": "Sand and Gravel", "ground": "glacial deposits", "tier": 1, "unit": "Pleistocene continental glacial drift", "km_to_find": 6.9}}, {"type": "Feature", "geometry": {"type": "Point", "coordinates": [-122.987, 46.95778]}, "properties": {"rank": 126, "name": "Littlerock Pit", "operator": "Black Lake Quarry Llc", "county": "Thurston", "acres": 244.0, "depth_ft": 110.0, "commodity": "Sand and Gravel", "ground": "glacial deposits", "tier": 1, "unit": "Pleistocene continental glacial drift", "km_to_find": 77.1}}, {"type": "Feature", "geometry": {"type": "Point", "coordinates": [-119.37077, 47.22988]}, "properties": {"rank": 127, "name": "Bowen Pit", "operator": "Central Washington Asphalt Inc", "county": "Grant", "acres": 128.0, "depth_ft": 135.0, "commodity": "Sand and Gravel", "ground": "Ice Age flood deposits", "tier": 1, "unit": "Pleistocene outburst flood deposits", "km_to_find": 42.7}}, {"type": "Feature", "geometry": {"type": "Point", "coordinates": [-119.10661, 46.29559]}, "properties": {"rank": 128, "name": "Railroad Pit", "operator": "Eucon Corp", "county": "Franklin", "acres": 167.0, "depth_ft": 120.0, "commodity": "Sand and Gravel", "ground": "Ice Age flood deposits", "tier": 1, "unit": "Pleistocene outburst flood deposits", "km_to_find": 91.0}}, {"type": "Feature", "geometry": {"type": "Point", "coordinates": [-122.33533, 48.5275]}, "properties": {"rank": 129, "name": "Butler Pit", "operator": "Skagit County Public Works", "county": "Skagit", "acres": 135.0, "depth_ft": 130.0, "commodity": "Sand and Gravel", "ground": "glacial deposits", "tier": 1, "unit": "Pleistocene continental glacial drift", "km_to_find": 44.5}}, {"type": "Feature", "geometry": {"type": "Point", "coordinates": [-121.90612, 47.3635]}, "properties": {"rank": 130, "name": "Kangley Pit", "operator": "Stoneway Rock & Recycling", "county": "King", "acres": 610.0, "depth_ft": 100.0, "commodity": "Sand and Gravel", "ground": "glacial deposits", "tier": 1, "unit": "Pleistocene continental glacial drift", "km_to_find": 58.4}}, {"type": "Feature", "geometry": {"type": "Point", "coordinates": [-122.71412, 47.04091]}, "properties": {"rank": 131, "name": "Nisqually Ii", "operator": "Nielsen Pacific Ltd", "county": "Thurston", "acres": 113.0, "depth_ft": 140.0, "commodity": "Sand and Gravel", "ground": "glacial deposits", "tier": 1, "unit": "Pleistocene continental glacial drift", "km_to_find": 62.8}}, {"type": "Feature", "geometry": {"type": "Point", "coordinates": [-121.00713, 45.66292]}, "properties": {"rank": 132, "name": "Avery Flat", "operator": "Dream Land Development Llc", "county": "Klickitat", "acres": 63.0, "depth_ft": 220.0, "commodity": "Sand and Gravel", "ground": "Ice Age flood deposits", "tier": 1, "unit": "Pleistocene outburst flood deposits", "km_to_find": 135.6}}, {"type": "Feature", "geometry": {"type": "Point", "coordinates": [-120.98696, 47.18285]}, "properties": {"rank": 133, "name": "West Cle Elum", "operator": "Ellensburg Cement Products Inc", "county": "Kittitas", "acres": 121.36, "depth_ft": 130.0, "commodity": "Sand and Gravel", "ground": "glacial deposits", "tier": 1, "unit": "Pleistocene alpine glacial drift", "km_to_find": 38.2}}, {"type": "Feature", "geometry": {"type": "Point", "coordinates": [-122.31046, 48.52775]}, "properties": {"rank": 134, "name": "Butler Pit", "operator": "Miles Sand & Gravel Company", "county": "Skagit", "acres": 69.0, "depth_ft": 200.0, "commodity": "Sand and Gravel", "ground": "glacial deposits", "tier": 1, "unit": "Pleistocene continental glacial drift", "km_to_find": 46.2}}, {"type": "Feature", "geometry": {"type": "Point", "coordinates": [-122.64048, 48.47397]}, "properties": {"rank": 135, "name": "Anacortes", "operator": "Lakeside Industries Inc", "county": "Skagit", "acres": 95.2, "depth_ft": 158.0, "commodity": "Rock and Stone", "ground": "glacial deposits", "tier": 1, "unit": "Pleistocene continental glacial drift", "km_to_find": 25.8}}, {"type": "Feature", "geometry": {"type": "Point", "coordinates": [-119.47757, 48.43964]}, "properties": {"rank": 136, "name": "Engh Road", "operator": "Granite Northwest Inc (East)", "county": "Okanogan", "acres": 60.07, "depth_ft": 205.0, "commodity": "Sand and Gravel", "ground": "glacial deposits", "tier": 1, "unit": "Pleistocene continental glacial drift", "km_to_find": 93.9}}, {"type": "Feature", "geometry": {"type": "Point", "coordinates": [-117.14094, 48.14298]}, "properties": {"rank": 137, "name": "Smith Quarry", "operator": "Newport Equipment Enterprises Inc", "county": "Pend Oreille", "acres": 112.7, "depth_ft": 130.0, "commodity": "Rock and Stone", "ground": "Ice Age flood deposits", "tier": 1, "unit": "Pleistocene outburst flood deposits", "km_to_find": 79.9}}, {"type": "Feature", "geometry": {"type": "Point", "coordinates": [-117.76514, 47.38187]}, "properties": {"rank": 138, "name": "Lance Hill 20-21", "operator": "Spokane County Public Works", "county": "Spokane", "acres": 11.5, "depth_ft": 30.0, "commodity": "Sand and Gravel", "ground": "Ice Age flood deposits", "tier": 1, "unit": "Pleistocene outburst flood deposits", "km_to_find": 18.7}}, {"type": "Feature", "geometry": {"type": "Point", "coordinates": [-117.33725, 48.0025]}, "properties": {"rank": 139, "name": "Elk Sand", "operator": "Interstate Concrete & Asphalt", "county": "Spokane", "acres": 150.0, "depth_ft": 110.0, "commodity": "Sand and Gravel", "ground": "Ice Age flood deposits", "tier": 1, "unit": "Pleistocene outburst flood deposits", "km_to_find": 60.2}}, {"type": "Feature", "geometry": {"type": "Point", "coordinates": [-119.90549, 46.9803]}, "properties": {"rank": 140, "name": "Sec 11", "operator": "Imerys Minerals California Inc", "county": "Grant", "acres": 480.16, "depth_ft": 85.0, "commodity": "Diatomite", "ground": "loess", "tier": 1, "unit": "Quaternary eolian deposits, loess", "km_to_find": 67.0}}, {"type": "Feature", "geometry": {"type": "Point", "coordinates": [-122.87703, 46.84155]}, "properties": {"rank": 141, "name": "Tenino", "operator": "Miles Sand & Gravel", "county": "Thurston", "acres": 172.66, "depth_ft": 100.0, "commodity": "Sand and Gravel", "ground": "glacial deposits", "tier": 1, "unit": "Pleistocene continental glacial drift", "km_to_find": 86.9}}, {"type": "Feature", "geometry": {"type": "Point", "coordinates": [-119.59739, 46.86243]}, "properties": {"rank": 142, "name": "Royal City", "operator": "Rpc Gravel", "county": "Grant", "acres": 160.0, "depth_ft": 100.0, "commodity": "Sand and Gravel", "ground": "Ice Age flood deposits", "tier": 1, "unit": "Pleistocene outburst flood deposits", "km_to_find": 84.7}}, {"type": "Feature", "geometry": {"type": "Point", "coordinates": [-117.33063, 48.01073]}, "properties": {"rank": 143, "name": "Srp Elk Gravel", "operator": "Interstate Concrete & Asphalt", "county": "Spokane", "acres": 147.0, "depth_ft": 100.0, "commodity": "Sand and Gravel", "ground": "Ice Age flood deposits", "tier": 1, "unit": "Pleistocene outburst flood deposits", "km_to_find": 61.2}}, {"type": "Feature", "geometry": {"type": "Point", "coordinates": [-122.08361, 47.37296]}, "properties": {"rank": 144, "name": "Black River S&G", "operator": "Brookcal Tb Wa 1 Llc", "county": "King", "acres": 209.0, "depth_ft": 90.0, "commodity": "Sand and Gravel", "ground": "glacial deposits", "tier": 1, "unit": "Pleistocene continental glacial drift", "km_to_find": 46.3}}, {"type": "Feature", "geometry": {"type": "Point", "coordinates": [-122.93562, 46.75924]}, "properties": {"rank": 145, "name": "Hilpert Pit", "operator": "Sterling Breen Crushing Inc", "county": "Lewis", "acres": 100.7, "depth_ft": 115.0, "commodity": "Sand and Gravel", "ground": "glacial deposits", "tier": 1, "unit": "Pleistocene continental glacial drift", "km_to_find": 96.9}}, {"type": "Feature", "geometry": {"type": "Point", "coordinates": [-117.09703, 46.39639]}, "properties": {"rank": 146, "name": "Bayman Pit", "operator": "Motley & Motley Inc", "county": "Asotin", "acres": 60.0, "depth_ft": 170.0, "commodity": "Sand and Gravel", "ground": "loess", "tier": 1, "unit": "Quaternary eolian deposits, loess", "km_to_find": 57.0}}, {"type": "Feature", "geometry": {"type": "Point", "coordinates": [-122.74807, 47.8623]}, "properties": {"rank": 147, "name": "Wahl Extraction Area", "operator": "Miles Sand & Gravel", "county": "Jefferson", "acres": 183.0, "depth_ft": 90.0, "commodity": "Sand and Gravel", "ground": "glacial deposits", "tier": 1, "unit": "Pleistocene continental glacial till", "km_to_find": 28.3}}, {"type": "Feature", "geometry": {"type": "Point", "coordinates": [-117.35826, 48.87252]}, "properties": {"rank": 148, "name": "Grandview Quarry Llc", "operator": "Grandview Quarry Llc", "county": "Pend Oreille", "acres": 53.43, "depth_ft": 183.0, "commodity": "Rock and Stone", "ground": "lake or bog deposits", "tier": 1, "unit": "Pleistocene bog, marsh, swamp, or lake deposits", "km_to_find": 155.2}}, {"type": "Feature", "geometry": {"type": "Point", "coordinates": [-117.79032, 47.0023]}, "properties": {"rank": 149, "name": "Cherry Cove Gravel", "operator": "Whitman County Public Works", "county": "Whitman", "acres": 78.947, "depth_ft": 130.0, "commodity": "Sand and Gravel", "ground": "Ice Age flood deposits", "tier": 1, "unit": "Pleistocene outburst flood deposits", "km_to_find": 30.0}}, {"type": "Feature", "geometry": {"type": "Point", "coordinates": [-123.02796, 46.80622]}, "properties": {"rank": 150, "name": "Rochester", "operator": "Black Lake Quarry Llc", "county": "Thurston", "acres": 78.0, "depth_ft": 130.0, "commodity": "Sand and Gravel", "ground": "glacial deposits", "tier": 1, "unit": "Pleistocene continental glacial drift", "km_to_find": 94.0}}, {"type": "Feature", "geometry": {"type": "Point", "coordinates": [-122.5629, 45.80904]}, "properties": {"rank": 151, "name": "Lewisville Pit (Cemex)", "operator": "Cadman Materials Inc", "county": "Clark", "acres": 122.4, "depth_ft": 100.0, "commodity": "Rock and Stone", "ground": "glacial deposits", "tier": 1, "unit": "Pleistocene alpine glacial drift", "km_to_find": 181.2}}, {"type": "Feature", "geometry": {"type": "Point", "coordinates": [-122.04511, 47.43824]}, "properties": {"rank": 152, "name": "Lake Francis I", "operator": "Quality Aggregates Llc", "county": "King", "acres": 89.60000000000001, "depth_ft": 115.0, "commodity": "Sand and Gravel", "ground": "lake or bog deposits", "tier": 1, "unit": "Quaternary bog, marsh, swamp, or lake deposits", "km_to_find": 45.4}}, {"type": "Feature", "geometry": {"type": "Point", "coordinates": [-117.10857, 46.41023]}, "properties": {"rank": 153, "name": "Dry Gulch", "operator": "Poe Asphalt Paving Inc", "county": "Asotin", "acres": 47.58, "depth_ft": 200.0, "commodity": "Sand and Gravel", "ground": "Ice Age flood deposits", "tier": 1, "unit": "Pleistocene outburst flood deposits", "km_to_find": 55.4}}, {"type": "Feature", "geometry": {"type": "Point", "coordinates": [-119.9282, 46.99425]}, "properties": {"rank": 154, "name": "Sec 3 & 10", "operator": "Imerys Minerals California Inc", "county": "Grant", "acres": 175.43, "depth_ft": 85.0, "commodity": "Diatomite", "ground": "loess", "tier": 1, "unit": "Quaternary eolian deposits, loess", "km_to_find": 65.6}}, {"type": "Feature", "geometry": {"type": "Point", "coordinates": [-118.38192, 46.20361]}, "properties": {"rank": 155, "name": "Berryman Quarry", "operator": "Interstate Concrete  & Asphalt Company", "county": "Walla Walla", "acres": 53.0, "depth_ft": 170.0, "commodity": "Sand and Gravel", "ground": "loess", "tier": 1, "unit": "Quaternary eolian deposits, loess", "km_to_find": 77.0}}, {"type": "Feature", "geometry": {"type": "Point", "coordinates": [-122.48775, 45.6313]}, "properties": {"rank": 156, "name": "Friberg Pit", "operator": "Rotschy Inc", "county": "Clark", "acres": 216.0, "depth_ft": 80.0, "commodity": "Sand and Gravel", "ground": "Ice Age flood deposits", "tier": 1, "unit": "Pleistocene outburst flood deposits", "km_to_find": 190.8}}, {"type": "Feature", "geometry": {"type": "Point", "coordinates": [-122.08805, 47.8245]}, "properties": {"rank": 157, "name": "Csr Maltby", "operator": "Dtg Enterprises Inc", "county": "Snohomish", "acres": 58.300000000000004, "depth_ft": 150.0, "commodity": "Sand and Gravel", "ground": "glacial deposits", "tier": 1, "unit": "Pleistocene continental glacial drift", "km_to_find": 45.7}}, {"type": "Feature", "geometry": {"type": "Point", "coordinates": [-121.14759, 45.63126]}, "properties": {"rank": 158, "name": "Port Of Klickitat", "operator": "Klickitat County Port Dis 1", "county": "Klickitat", "acres": 140.0, "depth_ft": 90.0, "commodity": "Sand and Gravel", "ground": "Ice Age flood deposits", "tier": 1, "unit": "Pleistocene outburst flood deposits", "km_to_find": 140.9}}, {"type": "Feature", "geometry": {"type": "Point", "coordinates": [-120.78636, 47.11005]}, "properties": {"rank": 159, "name": "3 Bar G", "operator": "Ellensburg Cement Products Inc", "county": "Kittitas", "acres": 80.0, "depth_ft": 115.0, "commodity": "Rock and Stone", "ground": "glacial deposits", "tier": 1, "unit": "Pleistocene alpine glacial drift", "km_to_find": 26.5}}, {"type": "Feature", "geometry": {"type": "Point", "coordinates": [-122.2104, 47.06978]}, "properties": {"rank": 160, "name": "Orting Quarry", "operator": "Pierce Co River Improvement", "county": "Pierce", "acres": 479.0, "depth_ft": 70.0, "commodity": "Rock and Stone", "ground": "glacial deposits", "tier": 1, "unit": "Pleistocene continental glacial drift", "km_to_find": 65.9}}, {"type": "Feature", "geometry": {"type": "Point", "coordinates": [-120.13343, 47.37335]}, "properties": {"rank": 161, "name": "Rock Island Pond", "operator": "Cpm Development Corp", "county": "Douglas", "acres": 85.0, "depth_ft": 110.0, "commodity": "Sand and Gravel", "ground": "Ice Age flood deposits", "tier": 1, "unit": "Pleistocene outburst flood deposits", "km_to_find": 36.3}}, {"type": "Feature", "geometry": {"type": "Point", "coordinates": [-122.28317, 47.09212]}, "properties": {"rank": 162, "name": "Puyallup S & G", "operator": "Corliss Resources Inc", "county": "Pierce", "acres": 103.16, "depth_ft": 100.0, "commodity": "Sand and Gravel", "ground": "glacial deposits", "tier": 1, "unit": "Pleistocene continental glacial drift", "km_to_find": 61.3}}, {"type": "Feature", "geometry": {"type": "Point", "coordinates": [-122.313, 47.22419]}, "properties": {"rank": 163, "name": "Firwood", "operator": "Scarsella Brothers Inc", "county": "Pierce", "acres": 39.0, "depth_ft": 242.0, "commodity": "Sand and Gravel", "ground": "glacial deposits", "tier": 1, "unit": "Pleistocene continental glacial drift", "km_to_find": 47.0}}, {"type": "Feature", "geometry": {"type": "Point", "coordinates": [-118.14518, 48.70217]}, "properties": {"rank": 164, "name": "Dead Man Pit", "operator": "Deadman Creek Sand & Gravel Llc", "county": "Ferry", "acres": 71.24, "depth_ft": 120.0, "commodity": "Sand and Gravel", "ground": "glacial deposits", "tier": 1, "unit": "Pleistocene continental glacial drift", "km_to_find": 142.2}}, {"type": "Feature", "geometry": {"type": "Point", "coordinates": [-122.0309, 47.31656]}, "properties": {"rank": 165, "name": "Morgan Kame Terrace", "operator": "Palmer Coking Coal Co", "county": "King", "acres": 203.0, "depth_ft": 75.0, "commodity": "Sand and Gravel", "ground": "glacial deposits", "tier": 1, "unit": "Pleistocene continental glacial drift", "km_to_find": 53.1}}, {"type": "Feature", "geometry": {"type": "Point", "coordinates": [-118.97709, 46.59856]}, "properties": {"rank": 166, "name": "Mesa Pit", "operator": "Koncrete Industries Inc", "county": "Franklin", "acres": 100.0, "depth_ft": 100.0, "commodity": "Sand and Gravel", "ground": "Ice Age flood deposits", "tier": 1, "unit": "Pleistocene outburst flood deposits", "km_to_find": 57.5}}, {"type": "Feature", "geometry": {"type": "Point", "coordinates": [-118.68724, 46.07354]}, "properties": {"rank": 167, "name": "Ash Hollow", "operator": "Vfo Walla Walla Llc", "county": "Walla Walla", "acres": 50.5, "depth_ft": 160.0, "commodity": "Rock and Stone", "ground": "Ice Age flood deposits", "tier": 1, "unit": "Pleistocene outburst flood deposits", "km_to_find": 103.8}}, {"type": "Feature", "geometry": {"type": "Point", "coordinates": [-121.15759, 45.63455]}, "properties": {"rank": 168, "name": "Dallesport", "operator": "Granite Construction Co (East)", "county": "Klickitat", "acres": 122.5, "depth_ft": 90.0, "commodity": "Sand and Gravel", "ground": "Ice Age flood deposits", "tier": 1, "unit": "Pleistocene outburst flood deposits", "km_to_find": 140.7}}, {"type": "Feature", "geometry": {"type": "Point", "coordinates": [-122.71563, 47.86934]}, "properties": {"rank": 169, "name": "Shine", "operator": "Miles Sand & Gravel", "county": "Jefferson", "acres": 256.2, "depth_ft": 70.0, "commodity": "Sand and Gravel", "ground": "glacial deposits", "tier": 1, "unit": "Pleistocene continental glacial drift", "km_to_find": 27.7}}, {"type": "Feature", "geometry": {"type": "Point", "coordinates": [-117.34541, 48.01149]}, "properties": {"rank": 170, "name": "Leeson #1", "operator": "Interstate Concrete & Asphalt", "county": "Spokane", "acres": 79.0, "depth_ft": 110.0, "commodity": "Sand and Gravel", "ground": "Ice Age flood deposits", "tier": 1, "unit": "Pleistocene outburst flood deposits", "km_to_find": 61.0}}, {"type": "Feature", "geometry": {"type": "Point", "coordinates": [-117.10349, 46.72909]}, "properties": {"rank": 171, "name": "Chipman Quarry/Thonney", "operator": "Eucon Corp", "county": "Whitman", "acres": 48.25, "depth_ft": 165.0, "commodity": "Rock and Stone", "ground": "loess", "tier": 1, "unit": "Quaternary eolian deposits, loess", "km_to_find": 44.9}}, {"type": "Feature", "geometry": {"type": "Point", "coordinates": [-117.09941, 48.22159]}, "properties": {"rank": 172, "name": "Jl Pit #1", "operator": "Jmac Resources Inc", "county": "Pend Oreille", "acres": 98.7, "depth_ft": 100.0, "commodity": "Sand and Gravel", "ground": "Ice Age flood deposits", "tier": 1, "unit": "Pleistocene outburst flood deposits", "km_to_find": 89.2}}, {"type": "Feature", "geometry": {"type": "Point", "coordinates": [-119.56591, 48.38236]}, "properties": {"rank": 173, "name": "Okanogan Valley", "operator": "Okanogan Valley Concrete Inc", "county": "Okanogan", "acres": 40.0, "depth_ft": 200.0, "commodity": "Sand and Gravel", "ground": "glacial deposits", "tier": 1, "unit": "Pleistocene continental glacial drift", "km_to_find": 89.1}}, {"type": "Feature", "geometry": {"type": "Point", "coordinates": [-122.58595, 45.80201]}, "properties": {"rank": 174, "name": "Tebo", "operator": "Tower Rock Products Inc", "county": "Clark", "acres": 79.93, "depth_ft": 107.0, "commodity": "Sand and Gravel", "ground": "glacial deposits", "tier": 1, "unit": "Pleistocene alpine glacial drift", "km_to_find": 183.1}}, {"type": "Feature", "geometry": {"type": "Point", "coordinates": [-122.60027, 48.34505]}, "properties": {"rank": 175, "name": "Taylor Rd", "operator": "Miles Sand & Gravel Company", "county": "Island", "acres": 70.0, "depth_ft": 115.0, "commodity": "Sand and Gravel", "ground": "glacial deposits", "tier": 1, "unit": "Pleistocene continental glacial drift", "km_to_find": 28.0}}, {"type": "Feature", "geometry": {"type": "Point", "coordinates": [-119.97386, 47.05469]}, "properties": {"rank": 176, "name": "Sec 17 Pit", "operator": "Imerys Minerals California Inc", "county": "Grant", "acres": 319.40000000000003, "depth_ft": 63.0, "commodity": "Diatomite", "ground": "Ice Age flood deposits", "tier": 1, "unit": "Pleistocene outburst flood deposits", "km_to_find": 64.0}}, {"type": "Feature", "geometry": {"type": "Point", "coordinates": [-121.87257, 48.1135]}, "properties": {"rank": 177, "name": "Mountain Loop Mine", "operator": "Oma Construction Inc", "county": "Snohomish", "acres": 49.730000000000004, "depth_ft": 150.0, "commodity": "Sand and Gravel", "ground": "glacial deposits", "tier": 1, "unit": "Pleistocene continental glacial drift", "km_to_find": 65.9}}, {"type": "Feature", "geometry": {"type": "Point", "coordinates": [-122.62144, 48.34206]}, "properties": {"rank": 178, "name": "Krieg", "operator": "Krieg Construction Inc", "county": "Island", "acres": 84.8, "depth_ft": 100.0, "commodity": "Sand and Gravel", "ground": "glacial deposits", "tier": 1, "unit": "Pleistocene continental glacial drift", "km_to_find": 27.1}}, {"type": "Feature", "geometry": {"type": "Point", "coordinates": [-122.55511, 46.97339]}, "properties": {"rank": 179, "name": "Roy", "operator": "Miles Sand & Gravel", "county": "Pierce", "acres": 460.0, "depth_ft": 60.0, "commodity": "Sand and Gravel", "ground": "glacial deposits", "tier": 1, "unit": "Pleistocene continental glacial drift", "km_to_find": 69.8}}, {"type": "Feature", "geometry": {"type": "Point", "coordinates": [-117.12462, 46.7275]}, "properties": {"rank": 180, "name": "Atlas Commercial Development Site", "operator": "Atlas Sand & Rock Inc", "county": "Whitman", "acres": 98.958, "depth_ft": 96.0, "commodity": "Rock and Stone", "ground": "loess", "tier": 1, "unit": "Quaternary eolian deposits, loess", "km_to_find": 43.2}}, {"type": "Feature", "geometry": {"type": "Point", "coordinates": [-122.02018, 48.07591]}, "properties": {"rank": 181, "name": "Getchell Pit", "operator": "Miles Sand & Gravel Company", "county": "Snohomish", "acres": 174.0, "depth_ft": 70.0, "commodity": "Sand and Gravel", "ground": "glacial deposits", "tier": 1, "unit": "Pleistocene continental glacial drift", "km_to_find": 55.2}}, {"type": "Feature", "geometry": {"type": "Point", "coordinates": [-117.2295, 48.37118]}, "properties": {"rank": 182, "name": "Hermann Pit/Blue Mountain Leasing", "operator": "Intermountain Evergreen Llc", "county": "Pend Oreille", "acres": 40.0, "depth_ft": 180.0, "commodity": "Sand and Gravel", "ground": "glacial deposits", "tier": 1, "unit": "Pleistocene continental glacial drift", "km_to_find": 101.9}}, {"type": "Feature", "geometry": {"type": "Point", "coordinates": [-119.8819, 46.97895]}, "properties": {"rank": 183, "name": "Section 12", "operator": "Imerys Diatomite Usa Inc", "county": "Grant", "acres": 320.0, "depth_ft": 60.0, "commodity": "Diatomite", "ground": "loess", "tier": 1, "unit": "Quaternary eolian deposits, loess", "km_to_find": 68.7}}, {"type": "Feature", "geometry": {"type": "Point", "coordinates": [-117.81329, 48.05087]}, "properties": {"rank": 184, "name": "Inland Nw Springdale", "operator": "Inland Northwest Enterprises Llc", "county": "Stevens", "acres": 38.0, "depth_ft": 200.0, "commodity": "Sand and Gravel", "ground": "glacial deposits", "tier": 1, "unit": "Pleistocene continental glacial drift", "km_to_find": 65.7}}, {"type": "Feature", "geometry": {"type": "Point", "coordinates": [-119.27311, 46.15942]}, "properties": {"rank": 185, "name": "Mahaffey Rock Pit #1", "operator": "Mahaffey Enterprises Inc", "county": "Benton", "acres": 55.0, "depth_ft": 120.0, "commodity": "Rock and Stone", "ground": "loess", "tier": 1, "unit": "Quaternary eolian deposits, loess", "km_to_find": 110.6}}, {"type": "Feature", "geometry": {"type": "Point", "coordinates": [-119.49335, 47.29373]}, "properties": {"rank": 186, "name": "Ephrata East Pit", "operator": "Redland Llc", "county": "Grant", "acres": 81.4, "depth_ft": 95.0, "commodity": "Sand and Gravel", "ground": "Ice Age flood deposits", "tier": 1, "unit": "Pleistocene outburst flood deposits", "km_to_find": 38.9}}, {"type": "Feature", "geometry": {"type": "Point", "coordinates": [-118.75257, 48.91686]}, "properties": {"rank": 187, "name": "Crown Resources Corporation/Borrow Site", "operator": "Crown Resources Corporation", "county": "Ferry", "acres": 81.2, "depth_ft": 95.0, "commodity": "Sand and Gravel", "ground": "glacial deposits", "tier": 1, "unit": "Pleistocene continental glacial drift", "km_to_find": 150.4}}, {"type": "Feature", "geometry": {"type": "Point", "coordinates": [-119.61066, 47.2555]}, "properties": {"rank": 188, "name": "Naylor", "operator": "Tommer Construction Co Inc", "county": "Grant", "acres": 317.0, "depth_ft": 58.0, "commodity": "Sand and Gravel", "ground": "Ice Age flood deposits", "tier": 1, "unit": "Pleistocene outburst flood deposits", "km_to_find": 47.0}}, {"type": "Feature", "geometry": {"type": "Point", "coordinates": [-123.24331, 46.8498]}, "properties": {"rank": 189, "name": "Oakville", "operator": "Northwest Rock Inc", "county": "Grays Harbor", "acres": 46.0, "depth_ft": 139.0, "commodity": "Rock and Stone", "ground": "glacial deposits", "tier": 1, "unit": "Pleistocene continental glacial drift", "km_to_find": 96.5}}, {"type": "Feature", "geometry": {"type": "Point", "coordinates": [-117.33174, 47.78021]}, "properties": {"rank": 190, "name": "Mead & Logan", "operator": "Cpm Development Corp", "county": "Spokane", "acres": 138.0, "depth_ft": 70.0, "commodity": "Sand and Gravel", "ground": "loess", "tier": 1, "unit": "Quaternary eolian deposits, loess", "km_to_find": 37.4}}, {"type": "Feature", "geometry": {"type": "Point", "coordinates": [-122.36892, 48.89531]}, "properties": {"rank": 191, "name": "Singer", "operator": "Granite Construction Company", "county": "Whatcom", "acres": 222.0, "depth_ft": 60.0, "commodity": "Sand and Gravel", "ground": "glacial deposits", "tier": 1, "unit": "Pleistocene continental glacial drift", "km_to_find": 51.9}}, {"type": "Feature", "geometry": {"type": "Point", "coordinates": [-119.43427, 47.12207]}, "properties": {"rank": 192, "name": "East Hiawatha", "operator": "Central Washington Asphalt Inc", "county": "Grant", "acres": 190.16, "depth_ft": 60.0, "commodity": "Sand and Gravel", "ground": "Ice Age flood deposits", "tier": 1, "unit": "Pleistocene outburst flood deposits", "km_to_find": 55.5}}, {"type": "Feature", "geometry": {"type": "Point", "coordinates": [-123.13452, 47.2112]}, "properties": {"rank": 193, "name": "Shelton Pit", "operator": "Miles Sand & Gravel", "county": "Mason", "acres": 100.0, "depth_ft": 80.0, "commodity": "Sand and Gravel", "ground": "glacial deposits", "tier": 1, "unit": "Pleistocene continental glacial drift", "km_to_find": 59.1}}, {"type": "Feature", "geometry": {"type": "Point", "coordinates": [-123.07816, 47.25833]}, "properties": {"rank": 194, "name": "Mcewan Prairie", "operator": "Port Orchard Sand & Gravel", "county": "Mason", "acres": 107.0, "depth_ft": 76.0, "commodity": "Sand and Gravel", "ground": "glacial deposits", "tier": 1, "unit": "Pleistocene continental glacial drift", "km_to_find": 52.3}}, {"type": "Feature", "geometry": {"type": "Point", "coordinates": [-118.03194, 46.76482]}, "properties": {"rank": 195, "name": "L&R Ranch", "operator": "Motley & Motley Inc", "county": "Whitman", "acres": 178.0, "depth_ft": 60.0, "commodity": "Sand and Gravel", "ground": "Ice Age flood deposits", "tier": 1, "unit": "Pleistocene outburst flood deposits", "km_to_find": 26.8}}, {"type": "Feature", "geometry": {"type": "Point", "coordinates": [-119.54613, 47.30202]}, "properties": {"rank": 196, "name": "Ephrata", "operator": "Interstate Concrete & Asphalt Co.", "county": "Grant", "acres": 63.0, "depth_ft": 100.0, "commodity": "Sand and Gravel", "ground": "Ice Age flood deposits", "tier": 1, "unit": "Pleistocene outburst flood deposits", "km_to_find": 40.1}}, {"type": "Feature", "geometry": {"type": "Point", "coordinates": [-122.2036, 48.34404]}, "properties": {"rank": 197, "name": "Big Lake Sand & Gravel Llc", "operator": "Skagit Aggregates Llc", "county": "Skagit", "acres": 40.0, "depth_ft": 140.0, "commodity": "Sand and Gravel", "ground": "glacial deposits", "tier": 1, "unit": "Pleistocene continental glacial drift", "km_to_find": 48.4}}, {"type": "Feature", "geometry": {"type": "Point", "coordinates": [-122.85876, 46.98375]}, "properties": {"rank": 198, "name": "Boe", "operator": "Alpine Sand & Gravel Inc", "county": "Thurston", "acres": 145.0, "depth_ft": 60.0, "commodity": "Sand and Gravel", "ground": "glacial deposits", "tier": 1, "unit": "Pleistocene continental glacial drift", "km_to_find": 71.2}}, {"type": "Feature", "geometry": {"type": "Point", "coordinates": [-123.38544, 46.99867]}, "properties": {"rank": 199, "name": "Brecks Pit", "operator": "Us12 Sand And Gravel Llc", "county": "Grays Harbor", "acres": 40.0, "depth_ft": 135.0, "commodity": "Sand and Gravel", "ground": "glacial deposits", "tier": 1, "unit": "Pleistocene continental glacial drift", "km_to_find": 89.3}}, {"type": "Feature", "geometry": {"type": "Point", "coordinates": [-121.32237, 47.31037]}, "properties": {"rank": 200, "name": "Crystal Springs", "operator": "Stampede Sand & Gravel Llc", "county": "Kittitas", "acres": 75.5, "depth_ft": 85.0, "commodity": "Sand and Gravel", "ground": "glacial deposits", "tier": 1, "unit": "Pleistocene alpine glacial drift", "km_to_find": 64.1}}, {"type": "Feature", "geometry": {"type": "Point", "coordinates": [-122.12552, 48.21609]}, "properties": {"rank": 201, "name": "Ps-D-245 Armstrong", "operator": "Dot - Dept Of Transportation", "county": "Snohomish", "acres": 59.0, "depth_ft": 100.0, "commodity": "Sand and Gravel", "ground": "glacial deposits", "tier": 1, "unit": "Pleistocene continental glacial drift", "km_to_find": 48.4}}, {"type": "Feature", "geometry": {"type": "Point", "coordinates": [-117.05405, 48.22239]}, "properties": {"rank": 202, "name": "Shearer Lake", "operator": "Pend Oreille County Public Works", "county": "Pend Oreille", "acres": 80.0, "depth_ft": 80.0, "commodity": "Sand and Gravel", "ground": "Ice Age flood deposits", "tier": 1, "unit": "Pleistocene outburst flood deposits", "km_to_find": 90.6}}, {"type": "Feature", "geometry": {"type": "Point", "coordinates": [-122.26047, 48.43999]}, "properties": {"rank": 203, "name": "Tennyson Pit", "operator": "Skagit Aggregates Llc", "county": "Skagit", "acres": 32.0, "depth_ft": 167.0, "commodity": "Sand and Gravel", "ground": "glacial deposits", "tier": 1, "unit": "Pleistocene continental glacial till", "km_to_find": 51.6}}, {"type": "Feature", "geometry": {"type": "Point", "coordinates": [-117.1927, 47.33818]}, "properties": {"rank": 204, "name": "Cut-Off Quarry", "operator": "Spokane County Public Works", "county": "Spokane", "acres": 48.0, "depth_ft": 110.0, "commodity": "Rock and Stone", "ground": "loess", "tier": 1, "unit": "Quaternary eolian deposits, loess", "km_to_find": 29.2}}, {"type": "Feature", "geometry": {"type": "Point", "coordinates": [-121.88926, 48.53542]}, "properties": {"rank": 205, "name": "Birdsview", "operator": "Skagit Aggregates Llc", "county": "Skagit", "acres": 39.300000000000004, "depth_ft": 138.0, "commodity": "Sand and Gravel", "ground": "glacial deposits", "tier": 1, "unit": "Pleistocene continental glacial drift", "km_to_find": 76.8}}, {"type": "Feature", "geometry": {"type": "Point", "coordinates": [-122.24605, 47.93423]}, "properties": {"rank": 206, "name": "Everett Pit", "operator": "Cadman Materials Inc", "county": "Snohomish", "acres": 109.0, "depth_ft": 65.0, "commodity": "Sand and Gravel", "ground": "glacial deposits", "tier": 1, "unit": "Pleistocene continental glacial till", "km_to_find": 43.3}}, {"type": "Feature", "geometry": {"type": "Point", "coordinates": [-123.61008, 48.06252]}, "properties": {"rank": 207, "name": "A&A Rock Inc", "operator": "A&A Rock Inc", "county": "Clallam", "acres": 20.0, "depth_ft": 310.0, "commodity": "Sand and Gravel", "ground": "lake or bog deposits", "tier": 1, "unit": "Pleistocene bog, marsh, swamp, or lake deposits", "km_to_find": 36.7}}, {"type": "Feature", "geometry": {"type": "Point", "coordinates": [-122.94791, 46.84348]}, "properties": {"rank": 208, "name": "Tilley Rd", "operator": "Lakeside Industries Inc", "county": "Thurston", "acres": 300.0, "depth_ft": 45.0, "commodity": "Sand and Gravel", "ground": "glacial deposits", "tier": 1, "unit": "Pleistocene continental glacial drift", "km_to_find": 88.1}}, {"type": "Feature", "geometry": {"type": "Point", "coordinates": [-119.28946, 46.32593]}, "properties": {"rank": 209, "name": "Hanford Pit", "operator": "Interstate Concrete & Asphalt", "county": "Benton", "acres": 182.0, "depth_ft": 50.0, "commodity": "Sand and Gravel", "ground": "Ice Age flood deposits", "tier": 1, "unit": "Pleistocene outburst flood deposits", "km_to_find": 96.2}}, {"type": "Feature", "geometry": {"type": "Point", "coordinates": [-121.97247, 47.79042]}, "properties": {"rank": 210, "name": "Ryatt Pit", "operator": "Ryatt Pit, Llc", "county": "Snohomish", "acres": 27.400000000000002, "depth_ft": 190.0, "commodity": "Rock and Stone", "ground": "glacial deposits", "tier": 1, "unit": "Pleistocene continental glacial drift", "km_to_find": 51.5}}, {"type": "Feature", "geometry": {"type": "Point", "coordinates": [-122.31097, 48.53391]}, "properties": {"rank": 211, "name": "Butler", "operator": "Cadman Materials Inc", "county": "Skagit", "acres": 75.0, "depth_ft": 80.0, "commodity": "Sand and Gravel", "ground": "glacial deposits", "tier": 1, "unit": "Pleistocene continental glacial drift", "km_to_find": 46.1}}, {"type": "Feature", "geometry": {"type": "Point", "coordinates": [-117.82456, 47.66188]}, "properties": {"rank": 212, "name": "Reardon Pit", "operator": "Action Materials Inc", "county": "Lincoln", "acres": 136.0, "depth_ft": 56.0, "commodity": "Rock and Stone", "ground": "loess", "tier": 1, "unit": "Quaternary eolian deposits, loess", "km_to_find": 27.7}}, {"type": "Feature", "geometry": {"type": "Point", "coordinates": [-122.11912, 48.9148]}, "properties": {"rank": 213, "name": "Kendall Pit", "operator": "Miles Sand And Gravel Company", "county": "Whatcom", "acres": 63.0, "depth_ft": 88.0, "commodity": "Sand and Gravel", "ground": "glacial deposits", "tier": 1, "unit": "Pleistocene continental glacial drift", "km_to_find": 68.4}}, {"type": "Feature", "geometry": {"type": "Point", "coordinates": [-122.11555, 48.91159]}, "properties": {"rank": 214, "name": "Kendall", "operator": "Aggregate Industries Management Inc", "county": "Whatcom", "acres": 58.0, "depth_ft": 98.0, "commodity": "Sand and Gravel", "ground": "glacial deposits", "tier": 1, "unit": "Pleistocene continental glacial drift", "km_to_find": 68.4}}, {"type": "Feature", "geometry": {"type": "Point", "coordinates": [-122.79401, 47.05616]}, "properties": {"rank": 215, "name": "South Pit", "operator": "Miles Sand & Gravel", "county": "Thurston", "acres": 72.5, "depth_ft": 80.0, "commodity": "Sand and Gravel", "ground": "glacial deposits", "tier": 1, "unit": "Pleistocene continental glacial drift", "km_to_find": 62.2}}, {"type": "Feature", "geometry": {"type": "Point", "coordinates": [-122.3582, 47.19502]}, "properties": {"rank": 216, "name": "Canyon", "operator": "Miles Sand & Gravel", "county": "Pierce", "acres": 25.0, "depth_ft": 200.0, "commodity": "Sand and Gravel", "ground": "glacial deposits", "tier": 1, "unit": "Pleistocene continental glacial drift", "km_to_find": 48.6}}, {"type": "Feature", "geometry": {"type": "Point", "coordinates": [-124.08907, 48.06889]}, "properties": {"rank": 217, "name": "Bruch And Bruch Construction Inc", "operator": "Bruch & Bruch", "county": "Clallam", "acres": 19.6, "depth_ft": 310.0, "commodity": "Rock and Stone", "ground": "glacial deposits", "tier": 1, "unit": "Pleistocene continental glacial drift", "km_to_find": 72.3}}, {"type": "Feature", "geometry": {"type": "Point", "coordinates": [-122.5427, 46.9832]}, "properties": {"rank": 218, "name": "Roy Pit", "operator": "C & V Joint Venture", "county": "Pierce", "acres": 160.0, "depth_ft": 50.0, "commodity": "Sand and Gravel", "ground": "glacial deposits", "tier": 1, "unit": "Pleistocene continental glacial drift", "km_to_find": 68.7}}, {"type": "Feature", "geometry": {"type": "Point", "coordinates": [-122.94791, 46.92747]}, "properties": {"rank": 219, "name": "113Th Ave Pit", "operator": "Granite Construction Co", "county": "Thurston", "acres": 65.0, "depth_ft": 80.0, "commodity": "Sand and Gravel", "ground": "glacial deposits", "tier": 1, "unit": "Pleistocene continental glacial drift", "km_to_find": 79.3}}, {"type": "Feature", "geometry": {"type": "Point", "coordinates": [-122.85056, 47.44884]}, "properties": {"rank": 220, "name": "Sr 300/Belfair", "operator": "Narrows View Properties Llc", "county": "Mason", "acres": 35.0, "depth_ft": 131.0, "commodity": "Sand and Gravel", "ground": "glacial deposits", "tier": 1, "unit": "Pleistocene continental glacial drift", "km_to_find": 25.2}}, {"type": "Feature", "geometry": {"type": "Point", "coordinates": [-122.33996, 48.97632]}, "properties": {"rank": 221, "name": "Van Buren", "operator": "Leonard & Beverly Honcoop Dba Honcoop Gravel", "county": "Whatcom", "acres": 130.0, "depth_ft": 50.0, "commodity": "Sand and Gravel", "ground": "glacial deposits", "tier": 1, "unit": "Pleistocene continental glacial drift", "km_to_find": 59.4}}, {"type": "Feature", "geometry": {"type": "Point", "coordinates": [-122.39035, 47.21572]}, "properties": {"rank": 222, "name": "Waller Road", "operator": "Wm Dickson Company", "county": "Pierce", "acres": 40.0, "depth_ft": 109.0, "commodity": "Sand and Gravel", "ground": "glacial deposits", "tier": 1, "unit": "Pleistocene continental glacial drift", "km_to_find": 45.5}}, {"type": "Feature", "geometry": {"type": "Point", "coordinates": [-122.63294, 48.33525]}, "properties": {"rank": 223, "name": "Hwy 20 Pit", "operator": "Miles Sand & Gravel Company", "county": "Island", "acres": 95.0, "depth_ft": 60.0, "commodity": "Sand and Gravel", "ground": "glacial deposits", "tier": 1, "unit": "Pleistocene continental glacial drift", "km_to_find": 26.1}}, {"type": "Feature", "geometry": {"type": "Point", "coordinates": [-123.02322, 46.5892]}, "properties": {"rank": 224, "name": "Brown Rd Quarry", "operator": "Laura Moerke Jones", "county": "Lewis", "acres": 36.0, "depth_ft": 120.0, "commodity": "Rock and Stone", "ground": "glacial deposits", "tier": 1, "unit": "Pleistocene alpine glacial drift", "km_to_find": 116.9}}, {"type": "Feature", "geometry": {"type": "Point", "coordinates": [-123.12811, 47.21474]}, "properties": {"rank": 225, "name": "Shotwell Pit", "operator": "Miles Sand & Gravel", "county": "Mason", "acres": 31.400000000000002, "depth_ft": 130.0, "commodity": "Sand and Gravel", "ground": "glacial deposits", "tier": 1, "unit": "Pleistocene continental glacial drift", "km_to_find": 58.4}}, {"type": "Feature", "geometry": {"type": "Point", "coordinates": [-122.48312, 45.62396]}, "properties": {"rank": 226, "name": "English Pit", "operator": "Ctc Section 30 Llc", "county": "Clark", "acres": 52.88, "depth_ft": 85.0, "commodity": "Sand and Gravel", "ground": "Ice Age flood deposits", "tier": 1, "unit": "Pleistocene outburst flood deposits", "km_to_find": 191.2}}, {"type": "Feature", "geometry": {"type": "Point", "coordinates": [-117.34053, 46.91396]}, "properties": {"rank": 227, "name": "Shawnee Rock Inc", "operator": "Shawnee Rock Inc", "county": "Whitman", "acres": 26.2, "depth_ft": 150.0, "commodity": "Rock and Stone", "ground": "loess", "tier": 1, "unit": "Quaternary eolian deposits, loess", "km_to_find": 34.9}}, {"type": "Feature", "geometry": {"type": "Point", "coordinates": [-121.89083, 48.11796]}, "properties": {"rank": 228, "name": "Sand Hill Pit", "operator": "Lenz Enterprises", "county": "Snohomish", "acres": 38.67, "depth_ft": 110.0, "commodity": "Sand and Gravel", "ground": "glacial deposits", "tier": 1, "unit": "Pleistocene continental glacial drift", "km_to_find": 64.6}}, {"type": "Feature", "geometry": {"type": "Point", "coordinates": [-122.35497, 47.0983]}, "properties": {"rank": 229, "name": "South Canyon", "operator": "Looker Properties Llc", "county": "Pierce", "acres": 33.0, "depth_ft": 120.0, "commodity": "Sand and Gravel", "ground": "glacial deposits", "tier": 1, "unit": "Pleistocene continental glacial till", "km_to_find": 58.8}}, {"type": "Feature", "geometry": {"type": "Point", "coordinates": [-122.41682, 47.37952]}, "properties": {"rank": 230, "name": "Maury Isl Operation (Ideal Pit)", "operator": "Glacier Nw/Dba Calportland", "county": "King", "acres": 26.0, "depth_ft": 150.0, "commodity": "Sand and Gravel", "ground": "lake or bog deposits", "tier": 1, "unit": "Quaternary bog, marsh, swamp, or lake deposits", "km_to_find": 28.1}}, {"type": "Feature", "geometry": {"type": "Point", "coordinates": [-117.38825, 48.73374]}, "properties": {"rank": 231, "name": "Dawson Pit", "operator": "Dawson Construction Inc", "county": "Pend Oreille", "acres": 26.35, "depth_ft": 145.0, "commodity": "Sand and Gravel", "ground": "lake or bog deposits", "tier": 1, "unit": "Pleistocene bog, marsh, swamp, or lake deposits", "km_to_find": 139.7}}, {"type": "Feature", "geometry": {"type": "Point", "coordinates": [-122.30891, 48.93349]}, "properties": {"rank": 232, "name": "Nooksack", "operator": "Miles Sand & Gravel Company", "county": "Whatcom", "acres": 76.0, "depth_ft": 63.0, "commodity": "Sand and Gravel", "ground": "glacial deposits", "tier": 1, "unit": "Pleistocene continental glacial drift", "km_to_find": 58.0}}, {"type": "Feature", "geometry": {"type": "Point", "coordinates": [-117.33778, 48.00529]}, "properties": {"rank": 233, "name": "Toner", "operator": "Toner Sand & Gravel", "county": "Spokane", "acres": 60.0, "depth_ft": 75.0, "commodity": "Sand and Gravel", "ground": "Ice Age flood deposits", "tier": 1, "unit": "Pleistocene outburst flood deposits", "km_to_find": 60.5}}, {"type": "Feature", "geometry": {"type": "Point", "coordinates": [-123.47317, 47.10176]}, "properties": {"rank": 234, "name": "Chandler Pit", "operator": "Northwest Rock Inc", "county": "Mason", "acres": 60.72, "depth_ft": 71.0, "commodity": "Sand and Gravel", "ground": "glacial deposits", "tier": 1, "unit": "Pleistocene continental glacial drift", "km_to_find": 86.0}}, {"type": "Feature", "geometry": {"type": "Point", "coordinates": [-123.02041, 46.80814]}, "properties": {"rank": 235, "name": "Martin Pit", "operator": "Lakeside Industries Inc", "county": "Thurston", "acres": 72.0, "depth_ft": 65.0, "commodity": "Sand and Gravel", "ground": "glacial deposits", "tier": 1, "unit": "Pleistocene continental glacial drift", "km_to_find": 93.6}}, {"type": "Feature", "geometry": {"type": "Point", "coordinates": [-122.35359, 47.26335]}, "properties": {"rank": 236, "name": "Jim Foran", "operator": "Port Of Tacoma", "county": "Pierce", "acres": 40.0, "depth_ft": 100.0, "commodity": "Sand and Gravel", "ground": "glacial deposits", "tier": 1, "unit": "Pleistocene continental glacial drift", "km_to_find": 41.8}}, {"type": "Feature", "geometry": {"type": "Point", "coordinates": [-122.20196, 48.42326]}, "properties": {"rank": 237, "name": "Van De Grift", "operator": "B A Van De Grift", "county": "Skagit", "acres": 40.0, "depth_ft": 100.0, "commodity": "Sand and Gravel", "ground": "glacial deposits", "tier": 1, "unit": "Pleistocene continental glacial drift", "km_to_find": 53.6}}, {"type": "Feature", "geometry": {"type": "Point", "coordinates": [-117.64513, 48.07082]}, "properties": {"rank": 238, "name": "Loon Lake", "operator": "Intermountain Evergreen Llc", "county": "Stevens", "acres": 48.4, "depth_ft": 85.0, "commodity": "Sand and Gravel", "ground": "Ice Age flood deposits", "tier": 1, "unit": "Pleistocene outburst flood deposits", "km_to_find": 65.6}}, {"type": "Feature", "geometry": {"type": "Point", "coordinates": [-118.73176, 48.6296]}, "properties": {"rank": 239, "name": "Republic Aggregate Pit", "operator": "Herbert Colt & Kathleen A Smith", "county": "Ferry", "acres": 29.240000000000002, "depth_ft": 124.0, "commodity": "Sand and Gravel", "ground": "glacial deposits", "tier": 1, "unit": "Pleistocene continental glacial drift", "km_to_find": 120.3}}, {"type": "Feature", "geometry": {"type": "Point", "coordinates": [-122.51896, 48.42633]}, "properties": {"rank": 240, "name": "Ericksen & Svendsen Inc Pit", "operator": "Ericksen & Svendsen Inc", "county": "Skagit", "acres": 35.5, "depth_ft": 110.0, "commodity": "Sand and Gravel", "ground": "glacial deposits", "tier": 1, "unit": "Pleistocene continental glacial drift", "km_to_find": 36.2}}, {"type": "Feature", "geometry": {"type": "Point", "coordinates": [-122.61978, 47.36116]}, "properties": {"rank": 241, "name": "Henderson Burnham", "operator": "Henderson Burnham Llc", "county": "Pierce", "acres": 22.900000000000002, "depth_ft": 160.0, "commodity": "Sand and Gravel", "ground": "glacial deposits", "tier": 1, "unit": "Pleistocene continental glacial drift", "km_to_find": 26.6}}, {"type": "Feature", "geometry": {"type": "Point", "coordinates": [-124.26837, 48.09478]}, "properties": {"rank": 242, "name": "Beaver Falls Quarry", "operator": "Bruch & Bruch", "county": "Clallam", "acres": 12.9, "depth_ft": 310.0, "commodity": "Rock and Stone", "ground": "glacial deposits", "tier": 1, "unit": "Pleistocene continental glacial till", "km_to_find": 85.7}}, {"type": "Feature", "geometry": {"type": "Point", "coordinates": [-123.49894, 48.06035]}, "properties": {"rank": 243, "name": "Shorerock Quarry", "operator": "Jjc Resources Llc", "county": "Clallam", "acres": 19.0, "depth_ft": 200.0, "commodity": "Rock and Stone", "ground": "glacial deposits", "tier": 1, "unit": "Pleistocene continental glacial till", "km_to_find": 28.4}}, {"type": "Feature", "geometry": {"type": "Point", "coordinates": [-123.02543, 46.81422]}, "properties": {"rank": 244, "name": "Grand Mound", "operator": "Granite Construction Co", "county": "Thurston", "acres": 45.34, "depth_ft": 85.0, "commodity": "Sand and Gravel", "ground": "glacial deposits", "tier": 1, "unit": "Pleistocene continental glacial drift", "km_to_find": 93.1}}, {"type": "Feature", "geometry": {"type": "Point", "coordinates": [-119.186, 46.78072]}, "properties": {"rank": 245, "name": "George Walker Pit", "operator": "Waluke Inc", "county": "Adams", "acres": 97.3, "depth_ft": 50.0, "commodity": "Sand and Gravel", "ground": "Ice Age flood deposits", "tier": 1, "unit": "Pleistocene outburst flood deposits", "km_to_find": 57.5}}, {"type": "Feature", "geometry": {"type": "Point", "coordinates": [-123.57369, 48.1203]}, "properties": {"rank": 246, "name": "Place Road Pit", "operator": "Delhur Industries Inc", "county": "Clallam", "acres": 58.26, "depth_ft": 70.0, "commodity": "Sand and Gravel", "ground": "glacial deposits", "tier": 1, "unit": "Pleistocene continental glacial drift", "km_to_find": 34.8}}, {"type": "Feature", "geometry": {"type": "Point", "coordinates": [-119.28861, 46.34093]}, "properties": {"rank": 247, "name": "Richland", "operator": "3D Development", "county": "Benton", "acres": 128.0, "depth_ft": 40.0, "commodity": "Rock and Stone", "ground": "Ice Age flood deposits", "tier": 1, "unit": "Pleistocene outburst flood deposits", "km_to_find": 94.8}}, {"type": "Feature", "geometry": {"type": "Point", "coordinates": [-117.96715, 47.31635]}, "properties": {"rank": 248, "name": "Ps-T-214 Sprague", "operator": "Dot - Dept Of Transportation", "county": "Lincoln", "acres": 92.0, "depth_ft": 50.0, "commodity": "Sand and Gravel", "ground": "Ice Age flood deposits", "tier": 1, "unit": "Pleistocene outburst flood deposits", "km_to_find": 35.4}}, {"type": "Feature", "geometry": {"type": "Point", "coordinates": [-122.06597, 47.1461]}, "properties": {"rank": 249, "name": "Rainier Gravel & Crushing", "operator": "Steve Pausheck", "county": "Pierce", "acres": 53.300000000000004, "depth_ft": 72.0, "commodity": "Sand and Gravel", "ground": "glacial deposits", "tier": 1, "unit": "Pleistocene continental glacial drift", "km_to_find": 64.5}}, {"type": "Feature", "geometry": {"type": "Point", "coordinates": [-117.75436, 48.91619]}, "properties": {"rank": 250, "name": "Northport Pit", "operator": "Stevens County Public Works", "county": "Stevens", "acres": 32.6, "depth_ft": 105.0, "commodity": "Rock and Stone", "ground": "glacial deposits", "tier": 1, "unit": "Pleistocene continental glacial drift", "km_to_find": 159.9}}, {"type": "Feature", "geometry": {"type": "Point", "coordinates": [-122.24849, 48.97358]}, "properties": {"rank": 251, "name": "Killam", "operator": "Bargen Ranch Llc", "county": "Whatcom", "acres": 37.0, "depth_ft": 100.0, "commodity": "Sand and Gravel", "ground": "glacial deposits", "tier": 1, "unit": "Pleistocene continental glacial drift", "km_to_find": 64.2}}, {"type": "Feature", "geometry": {"type": "Point", "coordinates": [-117.71181, 47.8651]}, "properties": {"rank": 252, "name": "Allison Pit", "operator": "Continental Contractors Inc", "county": "Stevens", "acres": 37.0, "depth_ft": 100.0, "commodity": "Sand and Gravel", "ground": "Ice Age flood deposits", "tier": 1, "unit": "Pleistocene outburst flood deposits", "km_to_find": 43.8}}, {"type": "Feature", "geometry": {"type": "Point", "coordinates": [-122.79446, 47.06211]}, "properties": {"rank": 253, "name": "North Mine", "operator": "Miles Sand & Gravel Company", "county": "Thurston", "acres": 65.0, "depth_ft": 60.0, "commodity": "Sand and Gravel", "ground": "glacial deposits", "tier": 1, "unit": "Pleistocene continental glacial drift", "km_to_find": 61.6}}, {"type": "Feature", "geometry": {"type": "Point", "coordinates": [-117.67624, 47.72169]}, "properties": {"rank": 254, "name": "Springhill 61-30", "operator": "Spokane County Public Works", "county": "Spokane", "acres": 40.0, "depth_ft": 90.0, "commodity": "Sand and Gravel", "ground": "Ice Age flood deposits", "tier": 1, "unit": "Pleistocene outburst flood deposits", "km_to_find": 27.7}}, {"type": "Feature", "geometry": {"type": "Point", "coordinates": [-122.67473, 48.98366]}, "properties": {"rank": 255, "name": "Blaine Pit", "operator": "Aggregate Industries Pacific Nw Inc", "county": "Whatcom", "acres": 40.0, "depth_ft": 90.0, "commodity": "Sand and Gravel", "ground": "glacial deposits", "tier": 1, "unit": "Pleistocene continental glacial drift", "km_to_find": 45.7}}, {"type": "Feature", "geometry": {"type": "Point", "coordinates": [-117.77248, 46.38357]}, "properties": {"rank": 256, "name": "Broughton Land Company", "operator": "Broughton Land Company", "county": "Columbia", "acres": 26.0, "depth_ft": 120.0, "commodity": "Sand and Gravel", "ground": "loess", "tier": 1, "unit": "Quaternary eolian deposits, loess", "km_to_find": 36.4}}, {"type": "Feature", "geometry": {"type": "Point", "coordinates": [-122.69968, 47.01906]}, "properties": {"rank": 257, "name": "Nisqually", "operator": "Jess Thomsen", "county": "Thurston", "acres": 80.0, "depth_ft": 50.0, "commodity": "Sand and Gravel", "ground": "glacial deposits", "tier": 1, "unit": "Pleistocene continental glacial drift", "km_to_find": 65.0}}, {"type": "Feature", "geometry": {"type": "Point", "coordinates": [-122.988, 46.75085]}, "properties": {"rank": 258, "name": "Foran Road S", "operator": "Dulin Construction Inc", "county": "Lewis", "acres": 52.0, "depth_ft": 70.0, "commodity": "Sand and Gravel", "ground": "glacial deposits", "tier": 1, "unit": "Pleistocene continental glacial drift", "km_to_find": 98.9}}, {"type": "Feature", "geometry": {"type": "Point", "coordinates": [-122.29794, 48.93631]}, "properties": {"rank": 259, "name": "Hoy Sand & Gravel", "operator": "Granite Construction Co", "county": "Whatcom", "acres": 51.53, "depth_ft": 70.0, "commodity": "Sand and Gravel", "ground": "glacial deposits", "tier": 1, "unit": "Pleistocene continental glacial drift", "km_to_find": 58.8}}, {"type": "Feature", "geometry": {"type": "Point", "coordinates": [-122.67783, 48.84928]}, "properties": {"rank": 260, "name": "Cherry Point", "operator": "Len Honcoop Gravel Inc", "county": "Whatcom", "acres": 18.0, "depth_ft": 175.0, "commodity": "Sand and Gravel", "ground": "glacial deposits", "tier": 1, "unit": "Pleistocene continental glacial drift", "km_to_find": 32.5}}, {"type": "Feature", "geometry": {"type": "Point", "coordinates": [-124.27752, 48.06144]}, "properties": {"rank": 261, "name": "Mary Clark", "operator": "Dnr Olympic Prg 532", "county": "Clallam", "acres": 163.0, "depth_ft": 30.0, "commodity": "Sand and Gravel", "ground": "glacial deposits", "tier": 1, "unit": "Pleistocene continental glacial drift", "km_to_find": 86.3}}, {"type": "Feature", "geometry": {"type": "Point", "coordinates": [-117.82578, 48.59209]}, "properties": {"rank": 262, "name": "Aladdin Pit", "operator": "Interstate Concrete & Asphalt", "county": "Stevens", "acres": 25.0, "depth_ft": 120.0, "commodity": "Sand and Gravel", "ground": "glacial deposits", "tier": 1, "unit": "Pleistocene continental glacial drift", "km_to_find": 124.8}}, {"type": "Feature", "geometry": {"type": "Point", "coordinates": [-123.12461, 47.27642]}, "properties": {"rank": 263, "name": "Mcreavy Rd", "operator": "Costello Rock And Landscape Supply Llc", "county": "Mason", "acres": 60.0, "depth_ft": 60.0, "commodity": "Sand and Gravel", "ground": "glacial deposits", "tier": 1, "unit": "Pleistocene continental glacial drift", "km_to_find": 53.4}}, {"type": "Feature", "geometry": {"type": "Point", "coordinates": [-122.11267, 48.21058]}, "properties": {"rank": 264, "name": "Ross Pit", "operator": "Scarsella Bros. Inc.", "county": "Snohomish", "acres": 76.4, "depth_ft": 50.0, "commodity": "Sand and Gravel", "ground": "glacial deposits", "tier": 1, "unit": "Pleistocene continental glacial till", "km_to_find": 49.2}}, {"type": "Feature", "geometry": {"type": "Point", "coordinates": [-122.4837, 45.61951]}, "properties": {"rank": 265, "name": "Reebs/Parr", "operator": "Pacific Realty Associates", "county": "Clark", "acres": 52.0, "depth_ft": 68.0, "commodity": "Sand and Gravel", "ground": "Ice Age flood deposits", "tier": 1, "unit": "Pleistocene outburst flood deposits", "km_to_find": 191.6}}, {"type": "Feature", "geometry": {"type": "Point", "coordinates": [-122.39598, 48.88679]}, "properties": {"rank": 266, "name": "A&B Rock", "operator": "A & B Rock Inc", "county": "Whatcom", "acres": 53.0, "depth_ft": 65.0, "commodity": "Sand and Gravel", "ground": "glacial deposits", "tier": 1, "unit": "Pleistocene continental glacial drift", "km_to_find": 49.8}}, {"type": "Feature", "geometry": {"type": "Point", "coordinates": [-122.9854, 46.74803]}, "properties": {"rank": 267, "name": "Centralia", "operator": "Lakeside Industries Inc", "county": "Lewis", "acres": 39.0, "depth_ft": 90.0, "commodity": "Sand and Gravel", "ground": "glacial deposits", "tier": 1, "unit": "Pleistocene continental glacial drift", "km_to_find": 99.1}}, {"type": "Feature", "geometry": {"type": "Point", "coordinates": [-124.22202, 47.79941]}, "properties": {"rank": 268, "name": "Winfield", "operator": "Dnr Olympic Prg 532", "county": "Jefferson", "acres": 144.0, "depth_ft": 30.0, "commodity": "Sand and Gravel", "ground": "glacial deposits", "tier": 1, "unit": "Pleistocene alpine glacial drift", "km_to_find": 86.9}}, {"type": "Feature", "geometry": {"type": "Point", "coordinates": [-122.9304, 46.35415]}, "properties": {"rank": 269, "name": "Barnes Drive", "operator": "Farwest Portable Crushing Inc", "county": "Cowlitz", "acres": 30.6, "depth_ft": 100.0, "commodity": "Rock and Stone", "ground": "glacial deposits", "tier": 1, "unit": "Pleistocene alpine glacial drift", "km_to_find": 140.8}}, {"type": "Feature", "geometry": {"type": "Point", "coordinates": [-120.01582, 48.13048]}, "properties": {"rank": 270, "name": "Miller Pit P4-27", "operator": "Okanogan County Public Works", "county": "Okanogan", "acres": 56.71, "depth_ft": 60.0, "commodity": "Sand and Gravel", "ground": "glacial deposits", "tier": 1, "unit": "Pleistocene continental glacial drift", "km_to_find": 73.4}}, {"type": "Feature", "geometry": {"type": "Point", "coordinates": [-121.99108, 46.50866]}, "properties": {"rank": 271, "name": "Peters Rd Rock Pit", "operator": "Big Lodge Ridge Llc", "county": "Lewis", "acres": 24.0, "depth_ft": 120.0, "commodity": "Rock and Stone", "ground": "glacial deposits", "tier": 1, "unit": "Pleistocene alpine glacial drift", "km_to_find": 101.3}}, {"type": "Feature", "geometry": {"type": "Point", "coordinates": [-117.97003, 46.50038]}, "properties": {"rank": 272, "name": "Qs-Co-16", "operator": "Dot - Dept Of Transportation", "county": "Columbia", "acres": 20.0, "depth_ft": 140.0, "commodity": "Rock and Stone", "ground": "Ice Age flood deposits", "tier": 1, "unit": "Pleistocene outburst flood deposits", "km_to_find": 31.3}}, {"type": "Feature", "geometry": {"type": "Point", "coordinates": [-122.50453, 46.86313]}, "properties": {"rank": 273, "name": "Mike Wood", "operator": "Mike Wood", "county": "Thurston", "acres": 27.5, "depth_ft": 105.0, "commodity": "Sand and Gravel", "ground": "glacial deposits", "tier": 1, "unit": "Pleistocene continental glacial drift", "km_to_find": 82.3}}, {"type": "Feature", "geometry": {"type": "Point", "coordinates": [-122.37807, 47.27687]}, "properties": {"rank": 274, "name": "Storey", "operator": "Port Of Tacoma", "county": "Pierce", "acres": 10.0, "depth_ft": 250.0, "commodity": "Sand and Gravel", "ground": "glacial deposits", "tier": 1, "unit": "Pleistocene glacial and nonglacial deposits", "km_to_find": 39.6}}, {"type": "Feature", "geometry": {"type": "Point", "coordinates": [-122.65225, 48.45092]}, "properties": {"rank": 275, "name": "Lake Erie Pit", "operator": "William W Wooding", "county": "Skagit", "acres": 19.900000000000002, "depth_ft": 150.0, "commodity": "Sand and Gravel", "ground": "glacial deposits", "tier": 1, "unit": "Pleistocene continental glacial drift", "km_to_find": 26.7}}, {"type": "Feature", "geometry": {"type": "Point", "coordinates": [-122.73891, 47.88434]}, "properties": {"rank": 276, "name": "Thorndyke Road Pit", "operator": "Seton Construction Inc", "county": "Jefferson", "acres": 55.0, "depth_ft": 60.0, "commodity": "Sand and Gravel", "ground": "glacial deposits", "tier": 1, "unit": "Pleistocene continental glacial drift", "km_to_find": 25.9}}, {"type": "Feature", "geometry": {"type": "Point", "coordinates": [-118.81838, 46.80355]}, "properties": {"rank": 277, "name": "Lind Hatton", "operator": "Adams County Public Works", "county": "Adams", "acres": 29.77, "depth_ft": 100.0, "commodity": "Rock and Stone", "ground": "loess", "tier": 1, "unit": "Quaternary eolian deposits, loess", "km_to_find": 32.6}}, {"type": "Feature", "geometry": {"type": "Point", "coordinates": [-124.42402, 47.96691]}, "properties": {"rank": 278, "name": "Old Smokey Pit", "operator": "Rayonier Forest Resources Lp", "county": "Clallam", "acres": 125.9, "depth_ft": 30.0, "commodity": "Sand and Gravel", "ground": "glacial deposits", "tier": 1, "unit": "Pleistocene continental glacial drift", "km_to_find": 97.7}}, {"type": "Feature", "geometry": {"type": "Point", "coordinates": [-119.92854, 46.22484]}, "properties": {"rank": 279, "name": "Drollinger", "operator": "Mike Drollinger & Terry Drollinger", "county": "Yakima", "acres": 65.0, "depth_ft": 50.0, "commodity": "Sand and Gravel", "ground": "Ice Age flood deposits", "tier": 1, "unit": "Pleistocene outburst flood deposits", "km_to_find": 96.7}}, {"type": "Feature", "geometry": {"type": "Point", "coordinates": [-119.88698, 47.99763]}, "properties": {"rank": 280, "name": "Godbey (U271)", "operator": "Godbey Red E Mix", "county": "Okanogan", "acres": 120.0, "depth_ft": 30.0, "commodity": "Sand and Gravel", "ground": "Ice Age flood deposits", "tier": 1, "unit": "Pleistocene outburst flood deposits", "km_to_find": 63.7}}, {"type": "Feature", "geometry": {"type": "Point", "coordinates": [-123.01534, 47.42218]}, "properties": {"rank": 281, "name": "Huson Pit", "operator": "Manke Lumber Co Inc", "county": "Mason", "acres": 80.0, "depth_ft": 40.0, "commodity": "Sand and Gravel", "ground": "glacial deposits", "tier": 1, "unit": "Pleistocene continental glacial till", "km_to_find": 36.9}}, {"type": "Feature", "geometry": {"type": "Point", "coordinates": [-121.75346, 47.56984]}, "properties": {"rank": 282, "name": "5-Mile Mainline", "operator": "Hos Brothers Construction Inc", "county": "King", "acres": 80.0, "depth_ft": 40.0, "commodity": "Sand and Gravel", "ground": "glacial deposits", "tier": 1, "unit": "Pleistocene continental glacial drift", "km_to_find": 63.6}}, {"type": "Feature", "geometry": {"type": "Point", "coordinates": [-122.07666, 48.49361]}, "properties": {"rank": 283, "name": "Day Creek S & G", "operator": "Skagit Aggregates Llc", "county": "Skagit", "acres": 40.0, "depth_ft": 74.0, "commodity": "Sand and Gravel", "ground": "glacial deposits", "tier": 1, "unit": "Pleistocene continental glacial drift", "km_to_find": 63.9}}, {"type": "Feature", "geometry": {"type": "Point", "coordinates": [-119.44629, 47.11924]}, "properties": {"rank": 284, "name": "Hiawatha", "operator": "Central Washington Asphalt Inc", "county": "Grant", "acres": 80.0, "depth_ft": 40.0, "commodity": "Sand and Gravel", "ground": "Ice Age flood deposits", "tier": 1, "unit": "Pleistocene outburst flood deposits", "km_to_find": 56.0}}, {"type": "Feature", "geometry": {"type": "Point", "coordinates": [-117.37375, 47.90196]}, "properties": {"rank": 285, "name": "Dennison Chattaroy", "operator": "Spokane County Public Works", "county": "Spokane", "acres": 80.0, "depth_ft": 40.0, "commodity": "Sand and Gravel", "ground": "Ice Age flood deposits", "tier": 1, "unit": "Pleistocene outburst flood deposits", "km_to_find": 48.7}}, {"type": "Feature", "geometry": {"type": "Point", "coordinates": [-122.62443, 48.33469]}, "properties": {"rank": 286, "name": "Shepherd", "operator": "F-1 Enterprises Inc", "county": "Island", "acres": 38.0, "depth_ft": 80.0, "commodity": "Sand and Gravel", "ground": "glacial deposits", "tier": 1, "unit": "Pleistocene continental glacial drift", "km_to_find": 26.2}}, {"type": "Feature", "geometry": {"type": "Point", "coordinates": [-119.23747, 46.7783]}, "properties": {"rank": 287, "name": "Hampton Rd", "operator": "Interstate Concrete & Asphalt Co.", "county": "Adams", "acres": 135.0, "depth_ft": 25.0, "commodity": "Sand and Gravel", "ground": "Ice Age flood deposits", "tier": 1, "unit": "Pleistocene outburst flood deposits", "km_to_find": 61.2}}, {"type": "Feature", "geometry": {"type": "Point", "coordinates": [-119.4704, 46.85923]}, "properties": {"rank": 288, "name": "Callahan Pit", "operator": "Royal Turf Farms", "county": "Grant", "acres": 50.0, "depth_ft": 60.0, "commodity": "Sand and Gravel", "ground": "Ice Age flood deposits", "tier": 1, "unit": "Pleistocene outburst flood deposits", "km_to_find": 75.3}}, {"type": "Feature", "geometry": {"type": "Point", "coordinates": [-122.34451, 48.97603]}, "properties": {"rank": 289, "name": "Trapline Rd", "operator": "Miles Sand & Gravel Company", "county": "Whatcom", "acres": 69.5, "depth_ft": 45.0, "commodity": "Sand and Gravel", "ground": "glacial deposits", "tier": 1, "unit": "Pleistocene continental glacial drift", "km_to_find": 59.1}}, {"type": "Feature", "geometry": {"type": "Point", "coordinates": [-121.64682, 48.49261]}, "properties": {"rank": 290, "name": "Rockport", "operator": "Skagit Aggregates Llc", "county": "Skagit", "acres": 40.0, "depth_ft": 70.0, "commodity": "Sand and Gravel", "ground": "glacial deposits", "tier": 1, "unit": "Pleistocene continental glacial drift", "km_to_find": 92.4}}, {"type": "Feature", "geometry": {"type": "Point", "coordinates": [-122.29476, 48.87342]}, "properties": {"rank": 291, "name": "Siper Rd", "operator": "Aggregate Industries Pacific Northwest Inc", "county": "Whatcom", "acres": 40.0, "depth_ft": 70.0, "commodity": "Sand and Gravel", "ground": "glacial deposits", "tier": 1, "unit": "Pleistocene continental glacial drift", "km_to_find": 55.0}}, {"type": "Feature", "geometry": {"type": "Point", "coordinates": [-122.13802, 48.22137]}, "properties": {"rank": 292, "name": "Miller Shingle", "operator": "Stillaguamish Resources Llc", "county": "Snohomish", "acres": 32.0, "depth_ft": 84.0, "commodity": "Sand and Gravel", "ground": "glacial deposits", "tier": 1, "unit": "Pleistocene continental glacial drift", "km_to_find": 47.6}}, {"type": "Feature", "geometry": {"type": "Point", "coordinates": [-122.1787, 48.67996]}, "properties": {"rank": 293, "name": "Saxon", "operator": "Miles Sand & Gravel Company", "county": "Whatcom", "acres": 41.0, "depth_ft": 65.0, "commodity": "Sand and Gravel", "ground": "glacial deposits", "tier": 1, "unit": "Pleistocene continental glacial drift", "km_to_find": 55.6}}, {"type": "Feature", "geometry": {"type": "Point", "coordinates": [-122.39034, 48.88607]}, "properties": {"rank": 294, "name": "E Pole Road Pit", "operator": "Everock Enterprises Llc", "county": "Whatcom", "acres": 74.84, "depth_ft": 40.0, "commodity": "Sand and Gravel", "ground": "glacial deposits", "tier": 1, "unit": "Pleistocene continental glacial drift", "km_to_find": 50.1}}, {"type": "Feature", "geometry": {"type": "Point", "coordinates": [-119.08911, 46.19315]}, "properties": {"rank": 295, "name": "Matheson-County", "operator": "Benton County Public Works", "county": "Benton", "acres": 56.0, "depth_ft": 50.0, "commodity": "Sand and Gravel", "ground": "Ice Age flood deposits", "tier": 1, "unit": "Pleistocene outburst flood deposits", "km_to_find": 100.4}}, {"type": "Feature", "geometry": {"type": "Point", "coordinates": [-122.08434, 47.67363]}, "properties": {"rank": 296, "name": "Cadman Site", "operator": "King County Dept Of Trans", "county": "King", "acres": 25.0, "depth_ft": 100.0, "commodity": "Sand and Gravel", "ground": "glacial deposits", "tier": 1, "unit": "Pleistocene continental glacial drift", "km_to_find": 39.5}}, {"type": "Feature", "geometry": {"type": "Point", "coordinates": [-122.5438, 45.68703]}, "properties": {"rank": 297, "name": "Orchards Pit", "operator": "Cadman Materials Inc", "county": "Clark", "acres": 54.0, "depth_ft": 50.0, "commodity": "Sand and Gravel", "ground": "Ice Age flood deposits", "tier": 1, "unit": "Pleistocene outburst flood deposits", "km_to_find": 189.4}}, {"type": "Feature", "geometry": {"type": "Point", "coordinates": [-119.28548, 47.19191]}, "properties": {"rank": 298, "name": "Peterson Pit", "operator": "Granite Construction Co (East)", "county": "Grant", "acres": 53.6, "depth_ft": 50.0, "commodity": "Sand and Gravel", "ground": "Ice Age flood deposits", "tier": 1, "unit": "Pleistocene outburst flood deposits", "km_to_find": 46.2}}, {"type": "Feature", "geometry": {"type": "Point", "coordinates": [-118.8388, 46.64806]}, "properties": {"rank": 299, "name": "Ps-Fn-74", "operator": "Dot - Dept Of Transportation", "county": "Franklin", "acres": 48.0, "depth_ft": 55.0, "commodity": "Sand and Gravel", "ground": "Ice Age flood deposits", "tier": 1, "unit": "Pleistocene outburst flood deposits", "km_to_find": 46.9}}, {"type": "Feature", "geometry": {"type": "Point", "coordinates": [-119.24242, 46.7864]}, "properties": {"rank": 300, "name": "Hampton Rd", "operator": "Central Washington Asphalt Inc", "county": "Adams", "acres": 124.60000000000001, "depth_ft": 20.0, "commodity": "Sand and Gravel", "ground": "Ice Age flood deposits", "tier": 1, "unit": "Pleistocene outburst flood deposits", "km_to_find": 61.2}}, {"type": "Feature", "geometry": {"type": "Point", "coordinates": [-122.28406, 48.32946]}, "properties": {"rank": 301, "name": "Conway Pit", "operator": "Granite Construction Co", "county": "Skagit", "acres": 30.0, "depth_ft": 80.0, "commodity": "Sand and Gravel", "ground": "glacial deposits", "tier": 1, "unit": "Pleistocene continental glacial drift", "km_to_find": 42.5}}, {"type": "Feature", "geometry": {"type": "Point", "coordinates": [-123.20018, 47.24353]}, "properties": {"rank": 302, "name": "Dayton Airport Pit", "operator": "Green Diamond Resource Company", "county": "Mason", "acres": 113.0, "depth_ft": 20.0, "commodity": "Sand and Gravel", "ground": "glacial deposits", "tier": 1, "unit": "Pleistocene continental glacial drift", "km_to_find": 60.1}}, {"type": "Feature", "geometry": {"type": "Point", "coordinates": [-119.39155, 47.1011]}, "properties": {"rank": 303, "name": "Ps-Gt-18 & Ext", "operator": "Dot - Dept Of Transportation", "county": "Grant", "acres": 100.0, "depth_ft": 25.0, "commodity": "Sand and Gravel", "ground": "Ice Age flood deposits", "tier": 1, "unit": "Pleistocene outburst flood deposits", "km_to_find": 57.1}}, {"type": "Feature", "geometry": {"type": "Point", "coordinates": [-122.64231, 49.00153]}, "properties": {"rank": 304, "name": "H Street Gravel", "operator": "Target Products Ltd", "county": "Whatcom", "acres": 113.0, "depth_ft": 16.0, "commodity": "Sand and Gravel", "ground": "glacial deposits", "tier": 1, "unit": "Pleistocene continental glacial drift", "km_to_find": 48.5}}, {"type": "Feature", "geometry": {"type": "Point", "coordinates": [-121.90049, 48.06463]}, "properties": {"rank": 305, "name": "Obrien Sand & Gravel", "operator": "Jaxico Real Estate", "county": "Snohomish", "acres": 9.84, "depth_ft": 165.0, "commodity": "Sand and Gravel", "ground": "glacial deposits", "tier": 1, "unit": "Pleistocene continental glacial drift", "km_to_find": 64.1}}, {"type": "Feature", "geometry": {"type": "Point", "coordinates": [-122.65777, 48.98788]}, "properties": {"rank": 306, "name": "Clark Pit", "operator": "Whatcom County Public Works", "county": "Whatcom", "acres": 110.0, "depth_ft": 18.0, "commodity": "Sand and Gravel", "ground": "glacial deposits", "tier": 1, "unit": "Pleistocene continental glacial drift", "km_to_find": 46.6}}, {"type": "Feature", "geometry": {"type": "Point", "coordinates": [-118.61084, 48.88728]}, "properties": {"rank": 307, "name": "Curlew Gravel", "operator": "John L Stotts", "county": "Ferry", "acres": 78.5, "depth_ft": 30.0, "commodity": "Sand and Gravel", "ground": "glacial deposits", "tier": 1, "unit": "Pleistocene continental glacial drift", "km_to_find": 150.3}}, {"type": "Feature", "geometry": {"type": "Point", "coordinates": [-122.29636, 48.87194]}, "properties": {"rank": 308, "name": "Siper", "operator": "Aggregate Industries Pacific Nw Inc", "county": "Whatcom", "acres": 22.1, "depth_ft": 95.0, "commodity": "Sand and Gravel", "ground": "glacial deposits", "tier": 1, "unit": "Pleistocene continental glacial drift", "km_to_find": 54.8}}, {"type": "Feature", "geometry": {"type": "Point", "coordinates": [-122.34868, 47.18941]}, "properties": {"rank": 309, "name": "Canyon Rim Sand & Gravel", "operator": "Nw Cascade Inc", "county": "Pierce", "acres": 39.0, "depth_ft": 60.0, "commodity": "Sand and Gravel", "ground": "glacial deposits", "tier": 1, "unit": "Pleistocene continental glacial drift", "km_to_find": 49.4}}, {"type": "Feature", "geometry": {"type": "Point", "coordinates": [-120.19497, 45.82126]}, "properties": {"rank": 310, "name": "Juniper Canyon Quarry", "operator": "Whitmore Family Llc", "county": "Klickitat", "acres": 20.0, "depth_ft": 100.0, "commodity": "Rock and Stone", "ground": "loess", "tier": 1, "unit": "Quaternary eolian deposits, loess", "km_to_find": 125.0}}, {"type": "Feature", "geometry": {"type": "Point", "coordinates": [-122.59447, 48.34331]}, "properties": {"rank": 311, "name": "Taylor West", "operator": "Krieg Construction Inc", "county": "Island", "acres": 14.8, "depth_ft": 120.0, "commodity": "Sand and Gravel", "ground": "glacial deposits", "tier": 1, "unit": "Pleistocene continental glacial drift", "km_to_find": 28.0}}, {"type": "Feature", "geometry": {"type": "Point", "coordinates": [-122.65562, 48.98439]}, "properties": {"rank": 312, "name": "Valley View Rd", "operator": "Connelly Co", "county": "Whatcom", "acres": 40.0, "depth_ft": 55.0, "commodity": "Sand and Gravel", "ground": "glacial deposits", "tier": 1, "unit": "Pleistocene continental glacial drift", "km_to_find": 46.4}}, {"type": "Feature", "geometry": {"type": "Point", "coordinates": [-122.45593, 48.85176]}, "properties": {"rank": 313, "name": "Abel Pit", "operator": "Whatcom Co Public Works Dept", "county": "Whatcom", "acres": 30.5, "depth_ft": 70.0, "commodity": "Sand and Gravel", "ground": "glacial deposits", "tier": 1, "unit": "Pleistocene continental glacial drift", "km_to_find": 43.9}}, {"type": "Feature", "geometry": {"type": "Point", "coordinates": [-122.70197, 45.94802]}, "properties": {"rank": 314, "name": "Hakkinen Pit", "operator": "Poly Rec Development Inc", "county": "Cowlitz", "acres": 10.81, "depth_ft": 140.0, "commodity": "Rock and Stone", "ground": "Ice Age flood deposits", "tier": 1, "unit": "Pleistocene outburst flood deposits", "km_to_find": 180.1}}, {"type": "Feature", "geometry": {"type": "Point", "coordinates": [-117.12765, 48.15307]}, "properties": {"rank": 315, "name": "District 1 Sand Pit", "operator": "Pend Oreille County", "county": "Pend Oreille", "acres": 42.4, "depth_ft": 50.0, "commodity": "Sand and Gravel", "ground": "Ice Age flood deposits", "tier": 1, "unit": "Pleistocene outburst flood deposits", "km_to_find": 81.4}}, {"type": "Feature", "geometry": {"type": "Point", "coordinates": [-119.49889, 48.47982]}, "properties": {"rank": 316, "name": "Greenacres P1-16", "operator": "Okanogan County Public Works", "county": "Okanogan", "acres": 27.68, "depth_ft": 75.0, "commodity": "Sand and Gravel", "ground": "glacial deposits", "tier": 1, "unit": "Pleistocene continental glacial drift", "km_to_find": 98.6}}, {"type": "Feature", "geometry": {"type": "Point", "coordinates": [-122.37891, 48.89798]}, "properties": {"rank": 317, "name": "Vanboven", "operator": "John Van Boven", "county": "Whatcom", "acres": 46.0, "depth_ft": 48.0, "commodity": "Sand and Gravel", "ground": "glacial deposits", "tier": 1, "unit": "Pleistocene continental glacial drift", "km_to_find": 51.5}}, {"type": "Feature", "geometry": {"type": "Point", "coordinates": [-122.82249, 46.94188]}, "properties": {"rank": 318, "name": "Cw O'Neill Pit", "operator": "Daniel C O'Neill", "county": "Thurston", "acres": 25.0, "depth_ft": 80.0, "commodity": "Sand and Gravel", "ground": "glacial deposits", "tier": 1, "unit": "Pleistocene continental glacial drift", "km_to_find": 75.1}}, {"type": "Feature", "geometry": {"type": "Point", "coordinates": [-117.37212, 47.90529]}, "properties": {"rank": 319, "name": "Ps-C-105 Owens Lake", "operator": "Dot - Dept Of Transportation", "county": "Spokane", "acres": 47.0, "depth_ft": 45.0, "commodity": "Sand and Gravel", "ground": "Ice Age flood deposits", "tier": 1, "unit": "Pleistocene outburst flood deposits", "km_to_find": 49.1}}, {"type": "Feature", "geometry": {"type": "Point", "coordinates": [-122.33355, 47.01506]}, "properties": {"rank": 320, "name": "Webster", "operator": "Rand Land Ii Partnership", "county": "Pierce", "acres": 12.200000000000001, "depth_ft": 122.0, "commodity": "Sand and Gravel", "ground": "glacial deposits", "tier": 1, "unit": "Pleistocene continental glacial drift", "km_to_find": 68.1}}, {"type": "Feature", "geometry": {"type": "Point", "coordinates": [-122.64156, 48.99442]}, "properties": {"rank": 321, "name": "Ps-F-95 \"H\" Street", "operator": "Dot - Dept Of Transportation", "county": "Whatcom", "acres": 51.5, "depth_ft": 40.0, "commodity": "Sand and Gravel", "ground": "glacial deposits", "tier": 1, "unit": "Pleistocene continental glacial drift", "km_to_find": 47.8}}, {"type": "Feature", "geometry": {"type": "Point", "coordinates": [-117.38607, 48.73021]}, "properties": {"rank": 322, "name": "Ione 3704", "operator": "Pend Oreille County Public Works", "county": "Pend Oreille", "acres": 24.86, "depth_ft": 80.0, "commodity": "Sand and Gravel", "ground": "lake or bog deposits", "tier": 1, "unit": "Pleistocene bog, marsh, swamp, or lake deposits", "km_to_find": 139.3}}, {"type": "Feature", "geometry": {"type": "Point", "coordinates": [-122.85131, 46.9296]}, "properties": {"rank": 323, "name": "Waldrick Pit", "operator": "Waunch Properties Llc", "county": "Thurston", "acres": 50.0, "depth_ft": 40.0, "commodity": "Sand and Gravel", "ground": "glacial deposits", "tier": 1, "unit": "Pleistocene continental glacial drift", "km_to_find": 76.9}}, {"type": "Feature", "geometry": {"type": "Point", "coordinates": [-122.35497, 48.88509]}, "properties": {"rank": 324, "name": "Mission Rd", "operator": "Aggregate Industries Pacific Northwest Inc", "county": "Whatcom", "acres": 40.0, "depth_ft": 50.0, "commodity": "Sand and Gravel", "ground": "glacial deposits", "tier": 1, "unit": "Pleistocene continental glacial drift", "km_to_find": 52.1}}, {"type": "Feature", "geometry": {"type": "Point", "coordinates": [-122.06976, 46.4915]}, "properties": {"rank": 325, "name": "Cowlitz River", "operator": "Andrew Noel Construction", "county": "Lewis", "acres": 40.0, "depth_ft": 50.0, "commodity": "Sand and Gravel", "ground": "glacial deposits", "tier": 1, "unit": "Pleistocene alpine glacial drift", "km_to_find": 107.6}}, {"type": "Feature", "geometry": {"type": "Point", "coordinates": [-119.66867, 47.22591]}, "properties": {"rank": 326, "name": "Quincy Rock", "operator": "Quincy Rock", "county": "Grant", "acres": 40.0, "depth_ft": 50.0, "commodity": "Sand and Gravel", "ground": "Ice Age flood deposits", "tier": 1, "unit": "Pleistocene outburst flood deposits", "km_to_find": 52.2}}, {"type": "Feature", "geometry": {"type": "Point", "coordinates": [-118.67343, 48.67427]}, "properties": {"rank": 327, "name": "Torboy Pit", "operator": "John L Stotts & Leslie A Stotts", "county": "Ferry", "acres": 15.84, "depth_ft": 101.0, "commodity": "Sand and Gravel", "ground": "glacial deposits", "tier": 1, "unit": "Pleistocene continental glacial drift", "km_to_find": 126.5}}, {"type": "Feature", "geometry": {"type": "Point", "coordinates": [-119.28857, 47.22542]}, "properties": {"rank": 328, "name": "Cegnar Company", "operator": "Robert A Cegnar", "county": "Grant", "acres": 40.0, "depth_ft": 50.0, "commodity": "Sand and Gravel", "ground": "Ice Age flood deposits", "tier": 1, "unit": "Pleistocene outburst flood deposits", "km_to_find": 42.5}}, {"type": "Feature", "geometry": {"type": "Point", "coordinates": [-122.47404, 47.1651]}, "properties": {"rank": 329, "name": "Lakeview", "operator": "Miles Sand & Gravel Co", "county": "Pierce", "acres": 52.7, "depth_ft": 36.0, "commodity": "Sand and Gravel", "ground": "glacial deposits", "tier": 1, "unit": "Pleistocene continental glacial drift", "km_to_find": 49.3}}, {"type": "Feature", "geometry": {"type": "Point", "coordinates": [-122.45141, 48.85263]}, "properties": {"rank": 330, "name": "Laurel Rd Pit", "operator": "Lakeside Industries Inc", "county": "Whatcom", "acres": 18.0, "depth_ft": 100.0, "commodity": "Sand and Gravel", "ground": "glacial deposits", "tier": 1, "unit": "Pleistocene continental glacial drift", "km_to_find": 44.3}}, {"type": "Feature", "geometry": {"type": "Point", "coordinates": [-120.20241, 47.68445]}, "properties": {"rank": 331, "name": "Entiat", "operator": "Pipkin Construction", "county": "Chelan", "acres": 44.1, "depth_ft": 43.0, "commodity": "Sand and Gravel", "ground": "Ice Age flood deposits", "tier": 1, "unit": "Pleistocene outburst flood deposits", "km_to_find": 27.5}}, {"type": "Feature", "geometry": {"type": "Point", "coordinates": [-117.166, 47.69157]}, "properties": {"rank": 332, "name": "Eden Pit 55-60", "operator": "Spokane County Public Works", "county": "Spokane", "acres": 43.7, "depth_ft": 42.0, "commodity": "Sand and Gravel", "ground": "Ice Age flood deposits", "tier": 1, "unit": "Pleistocene outburst flood deposits", "km_to_find": 37.9}}, {"type": "Feature", "geometry": {"type": "Point", "coordinates": [-122.4173, 48.89695]}, "properties": {"rank": 333, "name": "Van Dyke", "operator": "Miles Sand And Gravel Company", "county": "Whatcom", "acres": 69.0, "depth_ft": 22.0, "commodity": "Sand and Gravel", "ground": "glacial deposits", "tier": 1, "unit": "Pleistocene continental glacial drift", "km_to_find": 49.3}}, {"type": "Feature", "geometry": {"type": "Point", "coordinates": [-122.6067, 48.36284]}, "properties": {"rank": 334, "name": "Henni Pit", "operator": "Island County Public Works", "county": "Island", "acres": 30.0, "depth_ft": 60.0, "commodity": "Sand and Gravel", "ground": "glacial deposits", "tier": 1, "unit": "Pleistocene continental glacial drift", "km_to_find": 29.6}}, {"type": "Feature", "geometry": {"type": "Point", "coordinates": [-118.74211, 47.76297]}, "properties": {"rank": 335, "name": "Wilbur", "operator": "Copenhaver Construction Inc", "county": "Lincoln", "acres": 57.0, "depth_ft": 30.0, "commodity": "Sand and Gravel", "ground": "Ice Age flood deposits", "tier": 1, "unit": "Pleistocene outburst flood deposits", "km_to_find": 42.7}}, {"type": "Feature", "geometry": {"type": "Point", "coordinates": [-122.65161, 48.99063]}, "properties": {"rank": 336, "name": "Colacurcio Pit #1", "operator": "Dan Colacurcio Jr", "county": "Whatcom", "acres": 72.0, "depth_ft": 20.0, "commodity": "Sand and Gravel", "ground": "glacial deposits", "tier": 1, "unit": "Pleistocene continental glacial drift", "km_to_find": 47.1}}, {"type": "Feature", "geometry": {"type": "Point", "coordinates": [-117.3448, 48.0133]}, "properties": {"rank": 337, "name": "Nelson 93-14", "operator": "Spokane County Public Works", "county": "Spokane", "acres": 44.0, "depth_ft": 40.0, "commodity": "Sand and Gravel", "ground": "Ice Age flood deposits", "tier": 1, "unit": "Pleistocene outburst flood deposits", "km_to_find": 61.2}}, {"type": "Feature", "geometry": {"type": "Point", "coordinates": [-117.3401, 48.00535]}, "properties": {"rank": 338, "name": "Ps-C-313 Millers One Stop", "operator": "Dot - Dept Of Transportation", "county": "Spokane", "acres": 43.03, "depth_ft": 40.0, "commodity": "Sand and Gravel", "ground": "Ice Age flood deposits", "tier": 1, "unit": "Pleistocene outburst flood deposits", "km_to_find": 60.5}}, {"type": "Feature", "geometry": {"type": "Point", "coordinates": [-119.28127, 47.19208]}, "properties": {"rank": 339, "name": "Stratford", "operator": "North Central Construction Inc", "county": "Grant", "acres": 43.0, "depth_ft": 40.0, "commodity": "Sand and Gravel", "ground": "Ice Age flood deposits", "tier": 1, "unit": "Pleistocene outburst flood deposits", "km_to_find": 46.2}}, {"type": "Feature", "geometry": {"type": "Point", "coordinates": [-119.72223, 47.50336]}, "properties": {"rank": 340, "name": "Coyote", "operator": "Douglas County Tls", "county": "Douglas", "acres": 23.8, "depth_ft": 73.0, "commodity": "Sand and Gravel", "ground": "Ice Age flood deposits", "tier": 1, "unit": "Pleistocene outburst flood deposits", "km_to_find": 36.3}}, {"type": "Feature", "geometry": {"type": "Point", "coordinates": [-122.33637, 48.53923]}, "properties": {"rank": 341, "name": "Belfast Gravel - Earl Curry", "operator": "Miles Sand And Gravel Company", "county": "Skagit", "acres": 15.0, "depth_ft": 100.0, "commodity": "Sand and Gravel", "ground": "glacial deposits", "tier": 1, "unit": "Pleistocene continental glacial till", "km_to_find": 44.1}}, {"type": "Feature", "geometry": {"type": "Point", "coordinates": [-122.58795, 48.44445]}, "properties": {"rank": 342, "name": "Asc Sand & Gravel", "operator": "Anacortes Skagit Co S & G", "county": "Skagit", "acres": 26.0, "depth_ft": 65.0, "commodity": "Sand and Gravel", "ground": "glacial deposits", "tier": 1, "unit": "Pleistocene continental glacial drift", "km_to_find": 30.9}}, {"type": "Feature", "geometry": {"type": "Point", "coordinates": [-123.56947, 48.12303]}, "properties": {"rank": 343, "name": "Ranger Pit", "operator": "Clallam County Public Works", "county": "Clallam", "acres": 60.0, "depth_ft": 25.0, "commodity": "Sand and Gravel", "ground": "glacial deposits", "tier": 1, "unit": "Pleistocene continental glacial till", "km_to_find": 34.6}}, {"type": "Feature", "geometry": {"type": "Point", "coordinates": [-119.14501, 47.22786]}, "properties": {"rank": 344, "name": "Road \"P\" Gravel", "operator": "Robert A Cegnar", "county": "Grant", "acres": 53.0, "depth_ft": 30.0, "commodity": "Sand and Gravel", "ground": "loess", "tier": 1, "unit": "Quaternary eolian deposits, loess", "km_to_find": 43.1}}, {"type": "Feature", "geometry": {"type": "Point", "coordinates": [-122.31432, 48.54053]}, "properties": {"rank": 345, "name": "Skagit", "operator": "Miles Sand & Gravel Company", "county": "Skagit", "acres": 20.0, "depth_ft": 80.0, "commodity": "Sand and Gravel", "ground": "glacial deposits", "tier": 1, "unit": "Pleistocene continental glacial drift", "km_to_find": 45.7}}, {"type": "Feature", "geometry": {"type": "Point", "coordinates": [-122.58932, 48.34557]}, "properties": {"rank": 346, "name": "Taylor East", "operator": "Krieg Construction Inc", "county": "Island", "acres": 20.0, "depth_ft": 80.0, "commodity": "Sand and Gravel", "ground": "glacial deposits", "tier": 1, "unit": "Pleistocene continental glacial drift", "km_to_find": 28.4}}, {"type": "Feature", "geometry": {"type": "Point", "coordinates": [-122.25146, 46.87307]}, "properties": {"rank": 347, "name": "Weyerhaeuser Pit", "operator": "Lynch Creek Quarry Llc", "county": "Pierce", "acres": 23.3, "depth_ft": 70.0, "commodity": "Sand and Gravel", "ground": "glacial deposits", "tier": 1, "unit": "Pleistocene continental glacial drift", "km_to_find": 85.0}}, {"type": "Feature", "geometry": {"type": "Point", "coordinates": [-122.04766, 48.03479]}, "properties": {"rank": 348, "name": "Lake Stevens", "operator": "Thomco Aggregate", "county": "Snohomish", "acres": 25.0, "depth_ft": 65.0, "commodity": "Sand and Gravel", "ground": "glacial deposits", "tier": 1, "unit": "Pleistocene continental glacial drift", "km_to_find": 53.7}}, {"type": "Feature", "geometry": {"type": "Point", "coordinates": [-122.94913, 47.56898]}, "properties": {"rank": 349, "name": "Holly Pit", "operator": "Kitsap County Public Works", "county": "Kitsap", "acres": 52.0, "depth_ft": 30.0, "commodity": "Sand and Gravel", "ground": "glacial deposits", "tier": 1, "unit": "Pleistocene continental glacial drift", "km_to_find": 26.4}}, {"type": "Feature", "geometry": {"type": "Point", "coordinates": [-122.6731, 48.88217]}, "properties": {"rank": 350, "name": "North Star", "operator": "Cadman Materials Inc", "county": "Whatcom", "acres": 16.0, "depth_ft": 90.0, "commodity": "Sand and Gravel", "ground": "glacial deposits", "tier": 1, "unit": "Pleistocene continental glacial drift", "km_to_find": 35.7}}, {"type": "Feature", "geometry": {"type": "Point", "coordinates": [-117.29658, 48.2929]}, "properties": {"rank": 351, "name": "Usk", "operator": "Mutual Materials Co", "county": "Pend Oreille", "acres": 63.0, "depth_ft": 7.0, "commodity": "Clay", "ground": "lake or bog deposits", "tier": 1, "unit": "Quaternary bog, marsh, swamp, or lake deposits", "km_to_find": 92.2}}, {"type": "Feature", "geometry": {"type": "Point", "coordinates": [-122.38244, 47.27812]}, "properties": {"rank": 352, "name": "Coski Pit", "operator": "Terra5 Company Llc", "county": "Pierce", "acres": 17.3, "depth_ft": 83.0, "commodity": "Sand and Gravel", "ground": "glacial deposits", "tier": 1, "unit": "Pleistocene glacial and nonglacial deposits", "km_to_find": 39.4}}, {"type": "Feature", "geometry": {"type": "Point", "coordinates": [-123.57775, 48.13381]}, "properties": {"rank": 353, "name": "Place Road/Straits District", "operator": "Dnr Olympic Prg 532", "county": "Clallam", "acres": 37.0, "depth_ft": 45.0, "commodity": "Rock and Stone", "ground": "glacial deposits", "tier": 1, "unit": "Pleistocene continental glacial till", "km_to_find": 35.5}}, {"type": "Feature", "geometry": {"type": "Point", "coordinates": [-122.31188, 48.53655]}, "properties": {"rank": 354, "name": "Butler North", "operator": "Concrete Nor'West", "county": "Skagit", "acres": 19.0, "depth_ft": 80.0, "commodity": "Sand and Gravel", "ground": "glacial deposits", "tier": 1, "unit": "Pleistocene continental glacial drift", "km_to_find": 46.0}}, {"type": "Feature", "geometry": {"type": "Point", "coordinates": [-122.67555, 48.88305]}, "properties": {"rank": 355, "name": "Polaris Surface Mine", "operator": "Cadman Materials Inc", "county": "Whatcom", "acres": 14.74, "depth_ft": 95.0, "commodity": "Sand and Gravel", "ground": "glacial deposits", "tier": 1, "unit": "Pleistocene continental glacial drift", "km_to_find": 35.7}}, {"type": "Feature", "geometry": {"type": "Point", "coordinates": [-122.29174, 48.23135]}, "properties": {"rank": 356, "name": "Fjarlie Mine", "operator": "Lenz Enterprises", "county": "Snohomish", "acres": 10.0, "depth_ft": 105.0, "commodity": "Sand and Gravel", "ground": "glacial deposits", "tier": 1, "unit": "Pleistocene continental glacial drift", "km_to_find": 37.0}}, {"type": "Feature", "geometry": {"type": "Point", "coordinates": [-122.19499, 47.18341]}, "properties": {"rank": 357, "name": "Eli Hill", "operator": "Manke Lumber Co Inc", "county": "Pierce", "acres": 12.0, "depth_ft": 100.0, "commodity": "Sand and Gravel", "ground": "glacial deposits", "tier": 1, "unit": "Pleistocene continental glacial drift", "km_to_find": 55.5}}, {"type": "Feature", "geometry": {"type": "Point", "coordinates": [-122.3516, 47.07992]}, "properties": {"rank": 358, "name": "Frederickson", "operator": "Rand Land Ii Partnership", "county": "Pierce", "acres": 43.0, "depth_ft": 33.0, "commodity": "Sand and Gravel", "ground": "glacial deposits", "tier": 1, "unit": "Pleistocene continental glacial drift", "km_to_find": 60.8}}, {"type": "Feature", "geometry": {"type": "Point", "coordinates": [-122.30603, 48.9358]}, "properties": {"rank": 359, "name": "Gillies Road", "operator": "Miles Sand & Gravel", "county": "Whatcom", "acres": 25.0, "depth_ft": 60.0, "commodity": "Sand and Gravel", "ground": "glacial deposits", "tier": 1, "unit": "Pleistocene continental glacial drift", "km_to_find": 58.3}}, {"type": "Feature", "geometry": {"type": "Point", "coordinates": [-122.53777, 46.53523]}, "properties": {"rank": 360, "name": "Mossyrock", "operator": "Good Inc", "county": "Lewis", "acres": 25.0, "depth_ft": 60.0, "commodity": "Sand and Gravel", "ground": "glacial deposits", "tier": 1, "unit": "Pleistocene alpine glacial drift", "km_to_find": 118.5}}, {"type": "Feature", "geometry": {"type": "Point", "coordinates": [-124.15057, 47.11677]}, "properties": {"rank": 361, "name": "Copalis Pit", "operator": "Coastline Development Llc", "county": "Grays Harbor", "acres": 25.0, "depth_ft": 60.0, "commodity": "Sand and Gravel", "ground": "glacial deposits", "tier": 1, "unit": "Pleistocene alpine glacial drift", "km_to_find": 128.6}}, {"type": "Feature", "geometry": {"type": "Point", "coordinates": [-123.4843, 48.09734]}, "properties": {"rank": 362, "name": "Eclipse Timber Pit", "operator": "Lakeside Industries Inc", "county": "Clallam", "acres": 25.0, "depth_ft": 60.0, "commodity": "Sand and Gravel", "ground": "glacial deposits", "tier": 1, "unit": "Pleistocene continental glacial till", "km_to_find": 27.8}}, {"type": "Feature", "geometry": {"type": "Point", "coordinates": [-123.29402, 46.8646]}, "properties": {"rank": 363, "name": "Cedarville Gravel", "operator": "Bert & Rita Sutton", "county": "Grays Harbor", "acres": 40.0, "depth_ft": 36.0, "commodity": "Sand and Gravel", "ground": "glacial deposits", "tier": 1, "unit": "Pleistocene continental glacial drift", "km_to_find": 97.1}}, {"type": "Feature", "geometry": {"type": "Point", "coordinates": [-123.5047, 47.0614]}, "properties": {"rank": 364, "name": "Studer Pit", "operator": "Northwest Rock Inc", "county": "Grays Harbor", "acres": 29.0, "depth_ft": 50.0, "commodity": "Sand and Gravel", "ground": "glacial deposits", "tier": 1, "unit": "Pleistocene continental glacial drift", "km_to_find": 90.7}}, {"type": "Feature", "geometry": {"type": "Point", "coordinates": [-122.35675, 48.89006]}, "properties": {"rank": 365, "name": "Mission", "operator": "Lakeside Industries, Inc.", "county": "Whatcom", "acres": 38.0, "depth_ft": 40.0, "commodity": "Sand and Gravel", "ground": "glacial deposits", "tier": 1, "unit": "Pleistocene continental glacial drift", "km_to_find": 52.3}}, {"type": "Feature", "geometry": {"type": "Point", "coordinates": [-121.04649, 47.23587]}, "properties": {"rank": 366, "name": "Port Quendall Pit", "operator": "Port Quendall Development Co", "county": "Kittitas", "acres": 19.0, "depth_ft": 75.0, "commodity": "Sand and Gravel", "ground": "glacial deposits", "tier": 1, "unit": "Pleistocene alpine glacial drift", "km_to_find": 45.5}}, {"type": "Feature", "geometry": {"type": "Point", "coordinates": [-124.02665, 47.17086]}, "properties": {"rank": 367, "name": "Kirkpatrick", "operator": "Brumfield Construction Inc", "county": "Grays Harbor", "acres": 28.0, "depth_ft": 50.0, "commodity": "Sand and Gravel", "ground": "glacial deposits", "tier": 1, "unit": "Pleistocene alpine glacial drift", "km_to_find": 117.5}}, {"type": "Feature", "geometry": {"type": "Point", "coordinates": [-123.56818, 48.11913]}, "properties": {"rank": 368, "name": "Place Road", "operator": "Lakeside Industries Inc", "county": "Clallam", "acres": 37.0, "depth_ft": 40.0, "commodity": "Sand and Gravel", "ground": "glacial deposits", "tier": 1, "unit": "Pleistocene continental glacial drift", "km_to_find": 34.4}}, {"type": "Feature", "geometry": {"type": "Point", "coordinates": [-122.45105, 48.85067]}, "properties": {"rank": 369, "name": "South Laurel Pit", "operator": "Cowden Inc", "county": "Whatcom", "acres": 10.0, "depth_ft": 100.0, "commodity": "Sand and Gravel", "ground": "glacial deposits", "tier": 1, "unit": "Pleistocene continental glacial drift", "km_to_find": 44.1}}, {"type": "Feature", "geometry": {"type": "Point", "coordinates": [-122.85405, 46.91911]}, "properties": {"rank": 370, "name": "Nelson", "operator": "Segale Properties Llc", "county": "Thurston", "acres": 50.0, "depth_ft": 23.0, "commodity": "Sand and Gravel", "ground": "glacial deposits", "tier": 1, "unit": "Pleistocene continental glacial drift", "km_to_find": 78.1}}, {"type": "Feature", "geometry": {"type": "Point", "coordinates": [-118.66865, 48.69108]}, "properties": {"rank": 371, "name": "West Herron Creek Pit", "operator": "Carmen Peterson", "county": "Ferry", "acres": 14.5, "depth_ft": 85.0, "commodity": "Sand and Gravel", "ground": "glacial deposits", "tier": 1, "unit": "Pleistocene continental glacial drift", "km_to_find": 128.3}}, {"type": "Feature", "geometry": {"type": "Point", "coordinates": [-121.12278, 45.63081]}, "properties": {"rank": 372, "name": "Project 1", "operator": "Ross Island Sand & Gravel", "county": "Klickitat", "acres": 40.0, "depth_ft": 34.0, "commodity": "Sand and Gravel", "ground": "Ice Age flood deposits", "tier": 1, "unit": "Pleistocene outburst flood deposits", "km_to_find": 140.6}}, {"type": "Feature", "geometry": {"type": "Point", "coordinates": [-119.85219, 46.63388]}, "properties": {"rank": 373, "name": "Mattawa", "operator": "Ellensburg Cement Products Inc", "county": "Grant", "acres": 36.0, "depth_ft": 40.0, "commodity": "Sand and Gravel", "ground": "Ice Age flood deposits", "tier": 1, "unit": "Pleistocene outburst flood deposits", "km_to_find": 75.0}}, {"type": "Feature", "geometry": {"type": "Point", "coordinates": [-122.2455, 47.79038]}, "properties": {"rank": 374, "name": "Fruhling Sand & Top", "operator": "Fruhling Sand & Topsoil Inc", "county": "Snohomish", "acres": 19.0, "depth_ft": 70.0, "commodity": "Sand and Gravel", "ground": "glacial deposits", "tier": 1, "unit": "Pleistocene continental glacial till", "km_to_find": 33.9}}, {"type": "Feature", "geometry": {"type": "Point", "coordinates": [-119.41557, 47.14355]}, "properties": {"rank": 375, "name": "Mae Valley #63", "operator": "Grant County Public Works", "county": "Grant", "acres": 26.0, "depth_ft": 50.0, "commodity": "Sand and Gravel", "ground": "Ice Age flood deposits", "tier": 1, "unit": "Pleistocene outburst flood deposits", "km_to_find": 52.8}}, {"type": "Feature", "geometry": {"type": "Point", "coordinates": [-119.10806, 48.93063]}, "properties": {"rank": 376, "name": "Fields", "operator": "Okanogan County Public Works", "county": "Okanogan", "acres": 20.39, "depth_ft": 60.0, "commodity": "Sand and Gravel", "ground": "glacial deposits", "tier": 1, "unit": "Pleistocene continental glacial drift", "km_to_find": 147.6}}, {"type": "Feature", "geometry": {"type": "Point", "coordinates": [-123.56339, 48.11337]}, "properties": {"rank": 377, "name": "Highway 12 Pit", "operator": "Lakeside Industries Inc", "county": "Clallam", "acres": 32.0, "depth_ft": 40.0, "commodity": "Sand and Gravel", "ground": "glacial deposits", "tier": 1, "unit": "Pleistocene continental glacial till", "km_to_find": 33.9}}, {"type": "Feature", "geometry": {"type": "Point", "coordinates": [-118.13978, 48.66211]}, "properties": {"rank": 378, "name": "Nancy Creek Pit", "operator": "Ferry County Public Works", "county": "Ferry", "acres": 10.01, "depth_ft": 94.0, "commodity": "Sand and Gravel", "ground": "glacial deposits", "tier": 1, "unit": "Pleistocene continental glacial drift", "km_to_find": 137.8}}, {"type": "Feature", "geometry": {"type": "Point", "coordinates": [-118.84959, 46.9528]}, "properties": {"rank": 379, "name": "Roxboro #14", "operator": "Adams County Public Works", "county": "Adams", "acres": 32.0, "depth_ft": 40.0, "commodity": "Sand and Gravel", "ground": "Ice Age flood deposits", "tier": 1, "unit": "Pleistocene outburst flood deposits", "km_to_find": 27.0}}, {"type": "Feature", "geometry": {"type": "Point", "coordinates": [-119.54787, 47.29888]}, "properties": {"rank": 380, "name": "Ephrata", "operator": "Tommer Construction Co Inc", "county": "Grant", "acres": 40.0, "depth_ft": 30.0, "commodity": "Sand and Gravel", "ground": "Ice Age flood deposits", "tier": 1, "unit": "Pleistocene outburst flood deposits", "km_to_find": 40.4}}, {"type": "Feature", "geometry": {"type": "Point", "coordinates": [-122.3829, 48.88809]}, "properties": {"rank": 381, "name": "Pole Road", "operator": "Miles Sand & Gravel Company", "county": "Whatcom", "acres": 40.0, "depth_ft": 30.0, "commodity": "Sand and Gravel", "ground": "glacial deposits", "tier": 1, "unit": "Pleistocene continental glacial drift", "km_to_find": 50.6}}, {"type": "Feature", "geometry": {"type": "Point", "coordinates": [-122.45081, 48.89746]}, "properties": {"rank": 382, "name": "S/W 40", "operator": "Starkenburg & Wiersma", "county": "Whatcom", "acres": 40.0, "depth_ft": 30.0, "commodity": "Sand and Gravel", "ground": "glacial deposits", "tier": 1, "unit": "Pleistocene continental glacial drift", "km_to_find": 47.5}}, {"type": "Feature", "geometry": {"type": "Point", "coordinates": [-117.87681, 48.57063]}, "properties": {"rank": 383, "name": "Buckley 142A-D", "operator": "Stevens County Public Works", "county": "Stevens", "acres": 40.0, "depth_ft": 30.0, "commodity": "Sand and Gravel", "ground": "glacial deposits", "tier": 1, "unit": "Pleistocene continental glacial drift", "km_to_find": 123.1}}, {"type": "Feature", "geometry": {"type": "Point", "coordinates": [-118.75021, 46.05593]}, "properties": {"rank": 384, "name": "South", "operator": "Vfo Walla Walla Llc", "county": "Walla Walla", "acres": 25.0, "depth_ft": 50.0, "commodity": "Rock and Stone", "ground": "Ice Age flood deposits", "tier": 1, "unit": "Pleistocene outburst flood deposits", "km_to_find": 106.7}}, {"type": "Feature", "geometry": {"type": "Point", "coordinates": [-117.66209, 48.97189]}, "properties": {"rank": 385, "name": "Columbia River Rock", "operator": "Mike L Matney", "county": "Stevens", "acres": 30.8, "depth_ft": 40.0, "commodity": "Sand and Gravel", "ground": "glacial deposits", "tier": 1, "unit": "Pleistocene continental glacial drift", "km_to_find": 165.7}}, {"type": "Feature", "geometry": {"type": "Point", "coordinates": [-118.73789, 47.75949]}, "properties": {"rank": 386, "name": "Lco-Gp-199/Wilbur", "operator": "Lincoln County Public Works", "county": "Lincoln", "acres": 27.0, "depth_ft": 47.0, "commodity": "Sand and Gravel", "ground": "Ice Age flood deposits", "tier": 1, "unit": "Pleistocene outburst flood deposits", "km_to_find": 42.8}}, {"type": "Feature", "geometry": {"type": "Point", "coordinates": [-122.25701, 48.44151]}, "properties": {"rank": 387, "name": "Public Works Dept", "operator": "Skagit Aggregates Llc", "county": "Skagit", "acres": 6.0, "depth_ft": 100.0, "commodity": "Sand and Gravel", "ground": "glacial deposits", "tier": 1, "unit": "Pleistocene continental glacial till", "km_to_find": 51.9}}, {"type": "Feature", "geometry": {"type": "Point", "coordinates": [-119.42283, 48.89264]}, "properties": {"rank": 388, "name": "Gavin Pit P6-29", "operator": "Okanogan County Public Works", "county": "Okanogan", "acres": 36.0, "depth_ft": 35.0, "commodity": "Sand and Gravel", "ground": "glacial deposits", "tier": 1, "unit": "Pleistocene continental glacial drift", "km_to_find": 143.4}}, {"type": "Feature", "geometry": {"type": "Point", "coordinates": [-122.50321, 46.86057]}, "properties": {"rank": 389, "name": "Owl Hill Pit", "operator": "Thurston Co Roads & Transportation", "county": "Thurston", "acres": 24.0, "depth_ft": 50.0, "commodity": "Sand and Gravel", "ground": "glacial deposits", "tier": 1, "unit": "Pleistocene continental glacial drift", "km_to_find": 82.5}}, {"type": "Feature", "geometry": {"type": "Point", "coordinates": [-119.50368, 48.46218]}, "properties": {"rank": 390, "name": "Omak Airport Pit", "operator": "Freels Sand & Gravel Llc", "county": "Okanogan", "acres": 27.0, "depth_ft": 43.0, "commodity": "Sand and Gravel", "ground": "glacial deposits", "tier": 1, "unit": "Pleistocene continental glacial drift", "km_to_find": 96.7}}, {"type": "Feature", "geometry": {"type": "Point", "coordinates": [-122.63346, 48.4893]}, "properties": {"rank": 391, "name": "Anacortes Pit", "operator": "William W Wooding", "county": "Skagit", "acres": 9.700000000000001, "depth_ft": 90.0, "commodity": "Sand and Gravel", "ground": "glacial deposits", "tier": 1, "unit": "Pleistocene continental glacial till", "km_to_find": 25.3}}, {"type": "Feature", "geometry": {"type": "Point", "coordinates": [-123.56326, 48.11716]}, "properties": {"rank": 392, "name": "Elwha", "operator": "Olympic Peninsula Timberlands, Llc", "county": "Clallam", "acres": 23.0, "depth_ft": 50.0, "commodity": "Sand and Gravel", "ground": "glacial deposits", "tier": 1, "unit": "Pleistocene continental glacial drift", "km_to_find": 34.0}}, {"type": "Feature", "geometry": {"type": "Point", "coordinates": [-123.59541, 48.06614]}, "properties": {"rank": 393, "name": "Hansen", "operator": "Delhur Industries Inc", "county": "Clallam", "acres": 22.8, "depth_ft": 50.0, "commodity": "Sand and Gravel", "ground": "glacial deposits", "tier": 1, "unit": "Pleistocene continental glacial drift", "km_to_find": 35.6}}, {"type": "Feature", "geometry": {"type": "Point", "coordinates": [-122.59204, 48.34468]}, "properties": {"rank": 394, "name": "Bogue Pit", "operator": "Island County Public Works", "county": "Island", "acres": 13.3, "depth_ft": 75.0, "commodity": "Sand and Gravel", "ground": "glacial deposits", "tier": 1, "unit": "Pleistocene continental glacial drift", "km_to_find": 28.2}}, {"type": "Feature", "geometry": {"type": "Point", "coordinates": [-118.69128, 47.31291]}, "properties": {"rank": 395, "name": "Shafer Quarry", "operator": "Copenhaver Construction Inc", "county": "Lincoln", "acres": 20.0, "depth_ft": 55.0, "commodity": "Sand and Gravel", "ground": "Ice Age flood deposits", "tier": 1, "unit": "Pleistocene outburst flood deposits", "km_to_find": 37.7}}, {"type": "Feature", "geometry": {"type": "Point", "coordinates": [-122.74447, 46.85912]}, "properties": {"rank": 396, "name": "Johnson Creek Quarry", "operator": "Weyerhaeuser Timber Holdings Inc", "county": "Thurston", "acres": 10.4, "depth_ft": 80.0, "commodity": "Rock and Stone", "ground": "glacial deposits", "tier": 1, "unit": "Pleistocene continental glacial drift", "km_to_find": 83.1}}, {"type": "Feature", "geometry": {"type": "Point", "coordinates": [-117.46362, 47.93415]}, "properties": {"rank": 397, "name": "Dalton 82-11", "operator": "Spokane County Public Works", "county": "Spokane", "acres": 26.3, "depth_ft": 40.0, "commodity": "Rock and Stone", "ground": "Ice Age flood deposits", "tier": 1, "unit": "Pleistocene outburst flood deposits", "km_to_find": 50.7}}, {"type": "Feature", "geometry": {"type": "Point", "coordinates": [-122.05008, 47.43648]}, "properties": {"rank": 398, "name": "Lake Francis Ii", "operator": "Kangley Rock & Recycling", "county": "King", "acres": 14.0, "depth_ft": 70.0, "commodity": "Sand and Gravel", "ground": "glacial deposits", "tier": 1, "unit": "Pleistocene continental glacial drift", "km_to_find": 45.1}}, {"type": "Feature", "geometry": {"type": "Point", "coordinates": [-119.94009, 46.7392]}, "properties": {"rank": 399, "name": "Mattawa Pit #75", "operator": "Grant County Public Works", "county": "Grant", "acres": 40.0, "depth_ft": 20.0, "commodity": "Sand and Gravel", "ground": "Ice Age flood deposits", "tier": 1, "unit": "Pleistocene outburst flood deposits", "km_to_find": 65.1}}, {"type": "Feature", "geometry": {"type": "Point", "coordinates": [-122.04394, 47.44197]}, "properties": {"rank": 400, "name": "Elk Heights", "operator": "Elk Heights Pit", "county": "King", "acres": 23.69, "depth_ft": 45.0, "commodity": "Sand and Gravel", "ground": "glacial deposits", "tier": 1, "unit": "Pleistocene continental glacial drift", "km_to_find": 45.3}}, {"type": "Feature", "geometry": {"type": "Point", "coordinates": [-119.50272, 48.67584]}, "properties": {"rank": 401, "name": "Vaughn Range", "operator": "Vaughn Range", "county": "Okanogan", "acres": 16.0, "depth_ft": 60.0, "commodity": "Sand and Gravel", "ground": "glacial deposits", "tier": 1, "unit": "Pleistocene continental glacial drift", "km_to_find": 120.1}}, {"type": "Feature", "geometry": {"type": "Point", "coordinates": [-118.88727, 48.17713]}, "properties": {"rank": 402, "name": "Bailey Pit P2-51", "operator": "Okanogan County Public Works", "county": "Okanogan", "acres": 20.0, "depth_ft": 50.0, "commodity": "Sand and Gravel", "ground": "glacial deposits", "tier": 1, "unit": "Pleistocene continental glacial drift", "km_to_find": 69.3}}, {"type": "Feature", "geometry": {"type": "Point", "coordinates": [-122.2353, 48.52741]}, "properties": {"rank": 403, "name": "Dukes Hill", "operator": "Skagit County Public Works", "county": "Skagit", "acres": 20.0, "depth_ft": 50.0, "commodity": "Rock and Stone", "ground": "glacial deposits", "tier": 1, "unit": "Pleistocene continental glacial drift", "km_to_find": 51.7}}, {"type": "Feature", "geometry": {"type": "Point", "coordinates": [-121.96802, 47.27534]}, "properties": {"rank": 404, "name": "Wheeler Extension", "operator": "Palmer Coking Coal Co", "county": "King", "acres": 22.0, "depth_ft": 45.0, "commodity": "Sand and Gravel", "ground": "glacial deposits", "tier": 1, "unit": "Pleistocene continental glacial drift", "km_to_find": 59.7}}, {"type": "Feature", "geometry": {"type": "Point", "coordinates": [-119.39561, 45.94299]}, "properties": {"rank": 405, "name": "Ps-R-76 & Ext", "operator": "Dot - Dept Of Transportation", "county": "Benton", "acres": 21.0, "depth_ft": 45.0, "commodity": "Sand and Gravel", "ground": "loess", "tier": 1, "unit": "Quaternary eolian deposits, loess", "km_to_find": 136.1}}, {"type": "Feature", "geometry": {"type": "Point", "coordinates": [-119.38702, 47.20755]}, "properties": {"rank": 406, "name": "Neppel Pitt #77", "operator": "Grant County Public Works", "county": "Grant", "acres": 30.0, "depth_ft": 30.0, "commodity": "Sand and Gravel", "ground": "Ice Age flood deposits", "tier": 1, "unit": "Pleistocene outburst flood deposits", "km_to_find": 45.4}}, {"type": "Feature", "geometry": {"type": "Point", "coordinates": [-122.40756, 48.901]}, "properties": {"rank": 407, "name": "Ganslor Pit", "operator": "Mountain Land Ventures Llc", "county": "Whatcom", "acres": 34.0, "depth_ft": 25.0, "commodity": "Sand and Gravel", "ground": "glacial deposits", "tier": 1, "unit": "Pleistocene continental glacial drift", "km_to_find": 50.1}}, {"type": "Feature", "geometry": {"type": "Point", "coordinates": [-122.48747, 45.62237]}, "properties": {"rank": 408, "name": "Se 1St St Facility", "operator": "Hp Inc", "county": "Clark", "acres": 10.540000000000001, "depth_ft": 70.0, "commodity": "Sand and Gravel", "ground": "Ice Age flood deposits", "tier": 1, "unit": "Pleistocene outburst flood deposits", "km_to_find": 191.5}}, {"type": "Feature", "geometry": {"type": "Point", "coordinates": [-122.30042, 48.89823]}, "properties": {"rank": 409, "name": "Oat Cole Mine", "operator": "Hard Rock Investments Llc", "county": "Whatcom", "acres": 35.34, "depth_ft": 22.0, "commodity": "Sand and Gravel", "ground": "glacial deposits", "tier": 1, "unit": "Pleistocene continental glacial drift", "km_to_find": 56.2}}, {"type": "Feature", "geometry": {"type": "Point", "coordinates": [-117.38499, 48.7343]}, "properties": {"rank": 410, "name": "Ken Maupin Logging/Construction", "operator": "Ken Maupin Logging/Construction", "county": "Pend Oreille", "acres": 12.57, "depth_ft": 65.0, "commodity": "Sand and Gravel", "ground": "lake or bog deposits", "tier": 1, "unit": "Pleistocene bog, marsh, swamp, or lake deposits", "km_to_find": 139.8}}, {"type": "Feature", "geometry": {"type": "Point", "coordinates": [-118.29371, 46.79587]}, "properties": {"rank": 411, "name": "Haase #23 (Washtucna)", "operator": "Adams County Public Works", "county": "Adams", "acres": 22.46, "depth_ft": 40.0, "commodity": "Sand and Gravel", "ground": "Ice Age flood deposits", "tier": 1, "unit": "Pleistocene outburst flood deposits", "km_to_find": 27.6}}, {"type": "Feature", "geometry": {"type": "Point", "coordinates": [-118.5759, 48.90425]}, "properties": {"rank": 412, "name": "Ps-Fy-63 Curlew", "operator": "Dot - Dept Of Transportation", "county": "Ferry", "acres": 28.25, "depth_ft": 30.0, "commodity": "Sand and Gravel", "ground": "glacial deposits", "tier": 1, "unit": "Pleistocene continental glacial drift", "km_to_find": 152.9}}, {"type": "Feature", "geometry": {"type": "Point", "coordinates": [-119.98268, 47.84257]}, "properties": {"rank": 413, "name": "Chelan", "operator": "Chelan Concrete Inc", "county": "Chelan", "acres": 7.0, "depth_ft": 75.0, "commodity": "Sand and Gravel", "ground": "glacial deposits", "tier": 1, "unit": "Pleistocene continental glacial drift", "km_to_find": 50.9}}, {"type": "Feature", "geometry": {"type": "Point", "coordinates": [-120.24976, 48.50441]}, "properties": {"rank": 414, "name": "Lewis Ps-U-164", "operator": "Cascade Concrete Products Co Inc", "county": "Okanogan", "acres": 20.0, "depth_ft": 45.0, "commodity": "Sand and Gravel", "ground": "glacial deposits", "tier": 1, "unit": "Pleistocene continental glacial drift", "km_to_find": 106.4}}, {"type": "Feature", "geometry": {"type": "Point", "coordinates": [-119.89487, 47.61358]}, "properties": {"rank": 415, "name": "Brandt Quarry", "operator": "Douglas County Tls", "county": "Douglas", "acres": 27.6, "depth_ft": 30.0, "commodity": "Sand and Gravel", "ground": "loess", "tier": 1, "unit": "Quaternary eolian deposits, loess", "km_to_find": 47.4}}, {"type": "Feature", "geometry": {"type": "Point", "coordinates": [-118.7411, 48.31682]}, "properties": {"rank": 416, "name": "Ps-Fy-66 26 Mile", "operator": "Dot - Dept Of Transportation", "county": "Ferry", "acres": 17.34, "depth_ft": 50.0, "commodity": "Sand and Gravel", "ground": "glacial deposits", "tier": 1, "unit": "Pleistocene continental glacial drift", "km_to_find": 88.0}}, {"type": "Feature", "geometry": {"type": "Point", "coordinates": [-122.37861, 48.88844]}, "properties": {"rank": 417, "name": "Johnson Gravel", "operator": "Slg Ventures Llc", "county": "Whatcom", "acres": 19.5, "depth_ft": 45.0, "commodity": "Sand and Gravel", "ground": "glacial deposits", "tier": 1, "unit": "Pleistocene continental glacial drift", "km_to_find": 50.9}}, {"type": "Feature", "geometry": {"type": "Point", "coordinates": [-122.08277, 47.67003]}, "properties": {"rank": 418, "name": "Sajasa Pit", "operator": "Sajasa Construction Inc", "county": "King", "acres": 12.0, "depth_ft": 60.0, "commodity": "Sand and Gravel", "ground": "glacial deposits", "tier": 1, "unit": "Pleistocene continental glacial drift", "km_to_find": 39.5}}, {"type": "Feature", "geometry": {"type": "Point", "coordinates": [-122.80129, 47.06309]}, "properties": {"rank": 419, "name": "Lacey Pit", "operator": "Lakeside Industries Inc", "county": "Thurston", "acres": 12.0, "depth_ft": 60.0, "commodity": "Sand and Gravel", "ground": "glacial deposits", "tier": 1, "unit": "Pleistocene continental glacial drift", "km_to_find": 61.6}}, {"type": "Feature", "geometry": {"type": "Point", "coordinates": [-122.17973, 48.81077]}, "properties": {"rank": 420, "name": "Karb", "operator": "Whatcom Rock Llc", "county": "Whatcom", "acres": 9.9, "depth_ft": 65.0, "commodity": "Sand and Gravel", "ground": "glacial deposits", "tier": 1, "unit": "Pleistocene continental glacial drift", "km_to_find": 59.3}}, {"type": "Feature", "geometry": {"type": "Point", "coordinates": [-119.27663, 47.15577]}, "properties": {"rank": 421, "name": "Moses Lake Pit #82", "operator": "Grant County Public Works", "county": "Grant", "acres": 18.94, "depth_ft": 45.0, "commodity": "Sand and Gravel", "ground": "Ice Age flood deposits", "tier": 1, "unit": "Pleistocene outburst flood deposits", "km_to_find": 50.2}}, {"type": "Feature", "geometry": {"type": "Point", "coordinates": [-118.20534, 48.30939]}, "properties": {"rank": 422, "name": "Hall Ps Fy 3336-36", "operator": "Ferry County Public Works", "county": "Ferry", "acres": 9.0, "depth_ft": 65.0, "commodity": "Sand and Gravel", "ground": "glacial deposits", "tier": 1, "unit": "Pleistocene continental glacial drift", "km_to_find": 103.5}}, {"type": "Feature", "geometry": {"type": "Point", "coordinates": [-123.28322, 46.85706]}, "properties": {"rank": 423, "name": "Cedarville", "operator": "Grays Harbor Public Works", "county": "Grays Harbor", "acres": 30.0, "depth_ft": 20.0, "commodity": "Sand and Gravel", "ground": "glacial deposits", "tier": 1, "unit": "Pleistocene continental glacial drift", "km_to_find": 97.4}}, {"type": "Feature", "geometry": {"type": "Point", "coordinates": [-122.55475, 48.85347]}, "properties": {"rank": 424, "name": "Ferndale", "operator": "Starkenburg & Wiersma", "county": "Whatcom", "acres": 30.0, "depth_ft": 20.0, "commodity": "Sand and Gravel", "ground": "glacial deposits", "tier": 1, "unit": "Pleistocene continental glacial drift", "km_to_find": 38.6}}, {"type": "Feature", "geometry": {"type": "Point", "coordinates": [-117.15405, 47.33141]}, "properties": {"rank": 425, "name": "Pottratz", "operator": "Mutual Materials Co", "county": "Spokane", "acres": 30.0, "depth_ft": 20.0, "commodity": "Clay", "ground": "loess", "tier": 1, "unit": "Quaternary eolian deposits, loess", "km_to_find": 31.3}}, {"type": "Feature", "geometry": {"type": "Point", "coordinates": [-117.65153, 48.06352]}, "properties": {"rank": 426, "name": "Mcvay Pit", "operator": "Stevens County Public Works", "county": "Stevens", "acres": 10.48, "depth_ft": 60.0, "commodity": "Sand and Gravel", "ground": "glacial deposits", "tier": 1, "unit": "Pleistocene continental glacial drift", "km_to_find": 64.8}}, {"type": "Feature", "geometry": {"type": "Point", "coordinates": [-119.4965, 48.43436]}, "properties": {"rank": 427, "name": "Rock & Redi", "operator": "Robert E Tollefson", "county": "Okanogan", "acres": 7.0, "depth_ft": 65.0, "commodity": "Sand and Gravel", "ground": "glacial deposits", "tier": 1, "unit": "Pleistocene continental glacial drift", "km_to_find": 93.6}}, {"type": "Feature", "geometry": {"type": "Point", "coordinates": [-122.66422, 48.95144]}, "properties": {"rank": 428, "name": "Flint Pit", "operator": "Colacurcio Bros Construction", "county": "Whatcom", "acres": 17.0, "depth_ft": 44.0, "commodity": "Sand and Gravel", "ground": "glacial deposits", "tier": 1, "unit": "Pleistocene continental glacial drift", "km_to_find": 42.8}}, {"type": "Feature", "geometry": {"type": "Point", "coordinates": [-122.29266, 48.55617]}, "properties": {"rank": 429, "name": "Tyree Pit", "operator": "Trent Tyree", "county": "Skagit", "acres": 16.0, "depth_ft": 45.0, "commodity": "Sand and Gravel", "ground": "glacial deposits", "tier": 1, "unit": "Pleistocene continental glacial drift", "km_to_find": 47.0}}, {"type": "Feature", "geometry": {"type": "Point", "coordinates": [-117.45785, 47.94081]}, "properties": {"rank": 430, "name": "Deer Park Sand & Gravel", "operator": "Jls Investments Llc Dba Pro Recycle Llc", "county": "Spokane", "acres": 20.0, "depth_ft": 35.0, "commodity": "Sand and Gravel", "ground": "Ice Age flood deposits", "tier": 1, "unit": "Pleistocene outburst flood deposits", "km_to_find": 51.5}}, {"type": "Feature", "geometry": {"type": "Point", "coordinates": [-118.667, 48.87795]}, "properties": {"rank": 431, "name": "K2 Waste Dump", "operator": "Echo Bay Minerals Co-Kinross Gold", "county": "Ferry", "acres": 29.5, "depth_ft": null, "commodity": "Metals", "ground": "glacial deposits", "tier": 1, "unit": "Pleistocene continental glacial drift", "km_to_find": 148.0}}, {"type": "Feature", "geometry": {"type": "Point", "coordinates": [-122.61786, 48.91055]}, "properties": {"rank": 432, "name": "Zell Road Sand Mine", "operator": "Western Refinery Services Inc", "county": "Whatcom", "acres": 25.0, "depth_ft": 22.0, "commodity": "Sand and Gravel", "ground": "glacial deposits", "tier": 1, "unit": "Pleistocene continental glacial drift", "km_to_find": 40.6}}, {"type": "Feature", "geometry": {"type": "Point", "coordinates": [-117.41638, 47.7976]}, "properties": {"rank": 433, "name": "Sandman Pit", "operator": "Copper Creek Pools Inc", "county": "Spokane", "acres": 10.0, "depth_ft": 52.0, "commodity": "Sand and Gravel", "ground": "Ice Age flood deposits", "tier": 1, "unit": "Pleistocene outburst flood deposits", "km_to_find": 36.7}}, {"type": "Feature", "geometry": {"type": "Point", "coordinates": [-122.23703, 48.56598]}, "properties": {"rank": 434, "name": "Proctor", "operator": "Miles Sand & Gravel", "county": "Skagit", "acres": 19.5, "depth_ft": 35.0, "commodity": "Sand and Gravel", "ground": "glacial deposits", "tier": 1, "unit": "Pleistocene continental glacial drift", "km_to_find": 51.0}}, {"type": "Feature", "geometry": {"type": "Point", "coordinates": [-123.059, 47.24527]}, "properties": {"rank": 435, "name": "Johns Prairie", "operator": "Scarsella Brothers Inc", "county": "Mason", "acres": 11.0, "depth_ft": 50.0, "commodity": "Sand and Gravel", "ground": "glacial deposits", "tier": 1, "unit": "Pleistocene continental glacial drift", "km_to_find": 52.4}}, {"type": "Feature", "geometry": {"type": "Point", "coordinates": [-122.06786, 47.93417]}, "properties": {"rank": 436, "name": "Pilchuck", "operator": "Ceb Limited Partners 1 Llc", "county": "Snohomish", "acres": 5.0, "depth_ft": 60.0, "commodity": "Sand and Gravel", "ground": "glacial deposits", "tier": 1, "unit": "Pleistocene continental glacial drift", "km_to_find": 54.4}}, {"type": "Feature", "geometry": {"type": "Point", "coordinates": [-117.40773, 47.90441]}, "properties": {"rank": 437, "name": "Miller'S Quarry", "operator": "David K & Nancy R Miller", "county": "Spokane", "acres": 18.51, "depth_ft": 35.0, "commodity": "Sand and Gravel", "ground": "Ice Age flood deposits", "tier": 1, "unit": "Pleistocene outburst flood deposits", "km_to_find": 48.3}}, {"type": "Feature", "geometry": {"type": "Point", "coordinates": [-122.3445, 48.97945]}, "properties": {"rank": 438, "name": "Pangborn Pit", "operator": "Stremler Gravel Inc", "county": "Whatcom", "acres": 18.13, "depth_ft": 35.0, "commodity": "Sand and Gravel", "ground": "glacial deposits", "tier": 1, "unit": "Pleistocene continental glacial drift", "km_to_find": 59.4}}, {"type": "Feature", "geometry": {"type": "Point", "coordinates": [-124.50071, 47.94626]}, "properties": {"rank": 439, "name": "Quillayute", "operator": "Clallam County Public Works", "county": "Clallam", "acres": 22.1, "depth_ft": 25.0, "commodity": "Sand and Gravel", "ground": "glacial deposits", "tier": 1, "unit": "Pleistocene continental glacial till", "km_to_find": 103.6}}, {"type": "Feature", "geometry": {"type": "Point", "coordinates": [-122.24486, 48.5845]}, "properties": {"rank": 440, "name": "Upper Samish", "operator": "Skagit County Public Works", "county": "Skagit", "acres": 20.0, "depth_ft": 30.0, "commodity": "Sand and Gravel", "ground": "glacial deposits", "tier": 1, "unit": "Pleistocene continental glacial drift", "km_to_find": 50.2}}, {"type": "Feature", "geometry": {"type": "Point", "coordinates": [-124.25706, 48.0721]}, "properties": {"rank": 441, "name": "Sappho", "operator": "Delhur Industries Inc", "county": "Clallam", "acres": 20.0, "depth_ft": 30.0, "commodity": "Sand and Gravel", "ground": "glacial deposits", "tier": 1, "unit": "Pleistocene continental glacial drift", "km_to_find": 84.8}}, {"type": "Feature", "geometry": {"type": "Point", "coordinates": [-123.56799, 48.12115]}, "properties": {"rank": 442, "name": "Elwha Rock", "operator": "Henry Myren Revocable Trust", "county": "Clallam", "acres": 20.0, "depth_ft": 30.0, "commodity": "Sand and Gravel", "ground": "glacial deposits", "tier": 1, "unit": "Pleistocene continental glacial drift", "km_to_find": 34.4}}, {"type": "Feature", "geometry": {"type": "Point", "coordinates": [-122.65766, 48.97927]}, "properties": {"rank": 443, "name": "Clark 2", "operator": "Whatcom County Public Works", "county": "Whatcom", "acres": 24.0, "depth_ft": 20.0, "commodity": "Sand and Gravel", "ground": "glacial deposits", "tier": 1, "unit": "Pleistocene continental glacial drift", "km_to_find": 45.8}}, {"type": "Feature", "geometry": {"type": "Point", "coordinates": [-122.61942, 48.33484]}, "properties": {"rank": 444, "name": "Kyles Pit", "operator": "F-1 Enterprises Inc", "county": "Island", "acres": 25.0, "depth_ft": 15.0, "commodity": "Sand and Gravel", "ground": "glacial deposits", "tier": 1, "unit": "Pleistocene continental glacial drift", "km_to_find": 26.4}}, {"type": "Feature", "geometry": {"type": "Point", "coordinates": [-117.33418, 47.64862]}, "properties": {"rank": 445, "name": "Heidenreich", "operator": "Dennis Crapo", "county": "Spokane", "acres": 17.0, "depth_ft": 35.0, "commodity": "Sand and Gravel", "ground": "Ice Age flood deposits", "tier": 1, "unit": "Pleistocene outburst flood deposits", "km_to_find": 25.3}}, {"type": "Feature", "geometry": {"type": "Point", "coordinates": [-122.90097, 47.8194]}, "properties": {"rank": 446, "name": "Penny Creek", "operator": "Jefferson County Public Works", "county": "Jefferson", "acres": 20.0, "depth_ft": 25.0, "commodity": "Sand and Gravel", "ground": "glacial deposits", "tier": 1, "unit": "Pleistocene continental glacial drift", "km_to_find": 30.3}}, {"type": "Feature", "geometry": {"type": "Point", "coordinates": [-122.88772, 47.82262]}, "properties": {"rank": 447, "name": "Quilcene", "operator": "Jefferson County Public Works", "county": "Jefferson", "acres": 20.0, "depth_ft": 25.0, "commodity": "Sand and Gravel", "ground": "glacial deposits", "tier": 1, "unit": "Pleistocene continental glacial drift", "km_to_find": 30.5}}, {"type": "Feature", "geometry": {"type": "Point", "coordinates": [-122.27815, 48.26389]}, "properties": {"rank": 448, "name": "Cm'S 300Th St Pit", "operator": "Jeffery S Lervick", "county": "Snohomish", "acres": 13.0, "depth_ft": 40.0, "commodity": "Sand and Gravel", "ground": "glacial deposits", "tier": 1, "unit": "Pleistocene continental glacial drift", "km_to_find": 39.3}}, {"type": "Feature", "geometry": {"type": "Point", "coordinates": [-123.31824, 47.04659]}, "properties": {"rank": 449, "name": "Garden City Pit", "operator": "Joseph M House", "county": "Grays Harbor", "acres": 15.0, "depth_ft": 35.0, "commodity": "Sand and Gravel", "ground": "glacial deposits", "tier": 1, "unit": "Pleistocene continental glacial drift", "km_to_find": 82.0}}, {"type": "Feature", "geometry": {"type": "Point", "coordinates": [-117.05102, 47.67403]}, "properties": {"rank": 450, "name": "Zuber Construction", "operator": "John Zuber", "county": "Spokane", "acres": 15.0, "depth_ft": 35.0, "commodity": "Sand and Gravel", "ground": "Ice Age flood deposits", "tier": 1, "unit": "Pleistocene outburst flood deposits", "km_to_find": 44.1}}, {"type": "Feature", "geometry": {"type": "Point", "coordinates": [-122.30441, 48.84367]}, "properties": {"rank": 451, "name": "Cedarville", "operator": "Aggregate Industries Pacific Northwest Inc", "county": "Whatcom", "acres": 22.2, "depth_ft": 15.0, "commodity": "Sand and Gravel", "ground": "glacial deposits", "tier": 1, "unit": "Pleistocene continental glacial drift", "km_to_find": 52.7}}, {"type": "Feature", "geometry": {"type": "Point", "coordinates": [-122.39164, 47.10204]}, "properties": {"rank": 452, "name": "Prairie Pit", "operator": "Pierce County Public Works", "county": "Pierce", "acres": 21.5, "depth_ft": 18.0, "commodity": "Sand and Gravel", "ground": "glacial deposits", "tier": 1, "unit": "Pleistocene continental glacial drift", "km_to_find": 57.6}}, {"type": "Feature", "geometry": {"type": "Point", "coordinates": [-119.73977, 47.43863]}, "properties": {"rank": 453, "name": "Mayer #83", "operator": "Grant County Public Works", "county": "Grant", "acres": 17.97, "depth_ft": 30.0, "commodity": "Sand and Gravel", "ground": "Ice Age flood deposits", "tier": 1, "unit": "Pleistocene outburst flood deposits", "km_to_find": 40.4}}, {"type": "Feature", "geometry": {"type": "Point", "coordinates": [-123.92695, 47.46799]}, "properties": {"rank": 454, "name": "Ps-H-128", "operator": "Dot - Dept Of Transportation", "county": "Grays Harbor", "acres": 17.0, "depth_ft": 30.0, "commodity": "Sand and Gravel", "ground": "glacial deposits", "tier": 1, "unit": "Pleistocene alpine glacial drift", "km_to_find": 88.6}}, {"type": "Feature", "geometry": {"type": "Point", "coordinates": [-123.36126, 47.02708]}, "properties": {"rank": 455, "name": "Ps-H-167 Cloquallam", "operator": "Dot - Dept Of Transportation", "county": "Grays Harbor", "acres": 21.0, "depth_ft": 15.0, "commodity": "Sand and Gravel", "ground": "glacial deposits", "tier": 1, "unit": "Pleistocene continental glacial drift", "km_to_find": 85.7}}, {"type": "Feature", "geometry": {"type": "Point", "coordinates": [-124.36012, 48.04995]}, "properties": {"rank": 456, "name": "Loop Tavern", "operator": "Dnr Olympic Prg 532", "county": "Clallam", "acres": 14.5, "depth_ft": 35.0, "commodity": "Sand and Gravel", "ground": "glacial deposits", "tier": 1, "unit": "Pleistocene continental glacial drift", "km_to_find": 92.4}}, {"type": "Feature", "geometry": {"type": "Point", "coordinates": [-122.69905, 47.01512]}, "properties": {"rank": 457, "name": "Terra Co Nisqually", "operator": "Terra Co", "county": "Thurston", "acres": 13.120000000000001, "depth_ft": 38.0, "commodity": "Sand and Gravel", "ground": "glacial deposits", "tier": 1, "unit": "Pleistocene continental glacial drift", "km_to_find": 65.5}}, {"type": "Feature", "geometry": {"type": "Point", "coordinates": [-122.38944, 48.88911]}, "properties": {"rank": 458, "name": "Vellema", "operator": "Hard Rock Investments Llc", "county": "Whatcom", "acres": 11.55, "depth_ft": 40.0, "commodity": "Sand and Gravel", "ground": "glacial deposits", "tier": 1, "unit": "Pleistocene continental glacial drift", "km_to_find": 50.3}}, {"type": "Feature", "geometry": {"type": "Point", "coordinates": [-123.05448, 46.88961]}, "properties": {"rank": 459, "name": "Mima", "operator": "Dnr Pi 532 Sps Region", "county": "Thurston", "acres": 20.0, "depth_ft": 20.0, "commodity": "Sand and Gravel", "ground": "glacial deposits", "tier": 1, "unit": "Pleistocene continental glacial drift", "km_to_find": 86.1}}, {"type": "Feature", "geometry": {"type": "Point", "coordinates": [-122.38847, 47.04754]}, "properties": {"rank": 460, "name": "Elk Plain", "operator": "Pierce County Public Works", "county": "Pierce", "acres": 13.8, "depth_ft": 35.0, "commodity": "Sand and Gravel", "ground": "glacial deposits", "tier": 1, "unit": "Pleistocene continental glacial drift", "km_to_find": 63.5}}, {"type": "Feature", "geometry": {"type": "Point", "coordinates": [-117.42859, 48.73065]}, "properties": {"rank": 461, "name": "District 3 Sand Pit", "operator": "Pend Oreille County", "county": "Pend Oreille", "acres": 15.5, "depth_ft": 30.0, "commodity": "Sand and Gravel", "ground": "lake or bog deposits", "tier": 1, "unit": "Pleistocene bog, marsh, swamp, or lake deposits", "km_to_find": 139.1}}, {"type": "Feature", "geometry": {"type": "Point", "coordinates": [-122.22276, 48.57119]}, "properties": {"rank": 462, "name": "Sandy Bottom", "operator": "Sandy Bottom Llc", "county": "Skagit", "acres": 11.0, "depth_ft": 35.0, "commodity": "Sand and Gravel", "ground": "glacial deposits", "tier": 1, "unit": "Pleistocene continental glacial drift", "km_to_find": 52.0}}, {"type": "Feature", "geometry": {"type": "Point", "coordinates": [-123.59615, 48.0631]}, "properties": {"rank": 463, "name": "Herrick Gravel", "operator": "Clallam County Public Works", "county": "Clallam", "acres": 14.0, "depth_ft": 30.0, "commodity": "Sand and Gravel", "ground": "glacial deposits", "tier": 1, "unit": "Pleistocene continental glacial drift", "km_to_find": 35.7}}, {"type": "Feature", "geometry": {"type": "Point", "coordinates": [-122.29641, 48.87035]}, "properties": {"rank": 464, "name": "Howem/Siper Pit/7 Acres Or Less", "operator": "Whatcom County Public Works", "county": "Whatcom", "acres": 16.1, "depth_ft": 23.0, "commodity": "Sand and Gravel", "ground": "glacial deposits", "tier": 1, "unit": "Pleistocene continental glacial drift", "km_to_find": 54.7}}, {"type": "Feature", "geometry": {"type": "Point", "coordinates": [-122.61683, 47.35382]}, "properties": {"rank": 465, "name": "Purdy Prison", "operator": "Sehmel Business Park Llc", "county": "Pierce", "acres": 7.0, "depth_ft": 40.0, "commodity": "Rock and Stone", "ground": "glacial deposits", "tier": 1, "unit": "Pleistocene continental glacial till", "km_to_find": 27.4}}, {"type": "Feature", "geometry": {"type": "Point", "coordinates": [-119.12783, 48.61616]}, "properties": {"rank": 466, "name": "Long Lake 5-20", "operator": "Okanogan County Public Works", "county": "Okanogan", "acres": 10.0, "depth_ft": 35.0, "commodity": "Sand and Gravel", "ground": "glacial deposits", "tier": 1, "unit": "Pleistocene continental glacial drift", "km_to_find": 112.6}}, {"type": "Feature", "geometry": {"type": "Point", "coordinates": [-118.01398, 46.76615]}, "properties": {"rank": 467, "name": "Gordon Quarry", "operator": "Whitman County Public Works", "county": "Whitman", "acres": 5.0, "depth_ft": 40.0, "commodity": "Rock and Stone", "ground": "Ice Age flood deposits", "tier": 1, "unit": "Pleistocene outburst flood deposits", "km_to_find": 25.5}}, {"type": "Feature", "geometry": {"type": "Point", "coordinates": [-124.39177, 47.97723]}, "properties": {"rank": 468, "name": "Whitcomb Dimmel Pit", "operator": "Clallam County Public Works", "county": "Clallam", "acres": 11.93, "depth_ft": 30.0, "commodity": "Sand and Gravel", "ground": "glacial deposits", "tier": 1, "unit": "Pleistocene continental glacial drift", "km_to_find": 95.2}}, {"type": "Feature", "geometry": {"type": "Point", "coordinates": [-122.93992, 47.06736]}, "properties": {"rank": 469, "name": "Sundberg S & G", "operator": "Westbrook Investments Llc", "county": "Thurston", "acres": 11.3, "depth_ft": 30.0, "commodity": "Sand and Gravel", "ground": "glacial deposits", "tier": 1, "unit": "Pleistocene continental glacial till", "km_to_find": 64.5}}, {"type": "Feature", "geometry": {"type": "Point", "coordinates": [-118.73378, 47.71635]}, "properties": {"rank": 470, "name": "Ps-T-115 Minky", "operator": "Dot - Dept Of Transportation", "county": "Lincoln", "acres": 15.0, "depth_ft": 20.0, "commodity": "Sand and Gravel", "ground": "Ice Age flood deposits", "tier": 1, "unit": "Pleistocene outburst flood deposits", "km_to_find": 41.5}}, {"type": "Feature", "geometry": {"type": "Point", "coordinates": [-122.73574, 47.05318]}, "properties": {"rank": 471, "name": "Steilacoom", "operator": "Lmc Nisqually Bluff Llc", "county": "Thurston", "acres": 13.0, "depth_ft": 25.0, "commodity": "Sand and Gravel", "ground": "glacial deposits", "tier": 1, "unit": "Pleistocene continental glacial drift", "km_to_find": 61.7}}, {"type": "Feature", "geometry": {"type": "Point", "coordinates": [-122.41853, 47.37954]}, "properties": {"rank": 472, "name": "Maury", "operator": "Glacier Nw/Dba Calportland", "county": "King", "acres": 10.0, "depth_ft": 30.0, "commodity": "Sand and Gravel", "ground": "lake or bog deposits", "tier": 1, "unit": "Quaternary bog, marsh, swamp, or lake deposits", "km_to_find": 28.1}}, {"type": "Feature", "geometry": {"type": "Point", "coordinates": [-119.47763, 47.35996]}, "properties": {"rank": 473, "name": "Grant Orchard #14", "operator": "Grant County Public Works", "county": "Grant", "acres": 14.0, "depth_ft": 20.0, "commodity": "Sand and Gravel", "ground": "Ice Age flood deposits", "tier": 1, "unit": "Pleistocene outburst flood deposits", "km_to_find": 31.9}}, {"type": "Feature", "geometry": {"type": "Point", "coordinates": [-122.34203, 48.59668]}, "properties": {"rank": 474, "name": "Fox Pit", "operator": "Bell/Alger Sand & Gravel Llc", "county": "Skagit", "acres": 8.0, "depth_ft": 30.0, "commodity": "Sand and Gravel", "ground": "glacial deposits", "tier": 1, "unit": "Pleistocene continental glacial drift", "km_to_find": 43.0}}, {"type": "Feature", "geometry": {"type": "Point", "coordinates": [-122.42981, 47.38086]}, "properties": {"rank": 475, "name": "Mileta Site", "operator": "King County Dept Of Trans", "county": "King", "acres": 10.0, "depth_ft": 28.0, "commodity": "Sand and Gravel", "ground": "glacial deposits", "tier": 1, "unit": "Pleistocene continental glacial drift", "km_to_find": 27.5}}, {"type": "Feature", "geometry": {"type": "Point", "coordinates": [-123.27673, 46.84829]}, "properties": {"rank": 476, "name": "Cedarville Quarry", "operator": "Dnr Sw Pro 532", "county": "Grays Harbor", "acres": 12.0, "depth_ft": 20.0, "commodity": "Rock and Stone", "ground": "glacial deposits", "tier": 1, "unit": "Pleistocene continental glacial drift", "km_to_find": 98.0}}, {"type": "Feature", "geometry": {"type": "Point", "coordinates": [-117.84743, 47.85749]}, "properties": {"rank": 477, "name": "Ps-W-99 Long Lake", "operator": "Dot - Dept Of Transportation", "county": "Stevens", "acres": 4.59, "depth_ft": 15.0, "commodity": "Sand and Gravel", "ground": "glacial deposits", "tier": 1, "unit": "Pleistocene continental glacial drift", "km_to_find": 46.6}}, {"type": "Feature", "geometry": {"type": "Point", "coordinates": [-123.05711, 47.24514]}, "properties": {"rank": 478, "name": "Ps-X-41", "operator": "Dot - Dept Of Transportation", "county": "Mason", "acres": 4.0, "depth_ft": 15.0, "commodity": "Sand and Gravel", "ground": "glacial deposits", "tier": 1, "unit": "Pleistocene continental glacial drift", "km_to_find": 52.3}}, {"type": "Feature", "geometry": {"type": "Point", "coordinates": [-120.60651, 47.02419]}, "properties": {"rank": 479, "name": "Ivan Hutchinson Pit", "operator": "Ellensburg Cement Products Inc", "county": "Kittitas", "acres": 283.75, "depth_ft": 90.0, "commodity": "Sand and Gravel", "ground": "alluvium", "tier": 2, "unit": "Quaternary alluvium", "km_to_find": 21.1}}, {"type": "Feature", "geometry": {"type": "Point", "coordinates": [-120.66115, 47.05605]}, "properties": {"rank": 480, "name": "Gibson", "operator": "Ellensburg Cement Products Inc", "county": "Kittitas", "acres": 99.0, "depth_ft": 45.0, "commodity": "Sand and Gravel", "ground": "alluvium", "tier": 2, "unit": "Quaternary alluvium", "km_to_find": 22.2}}, {"type": "Feature", "geometry": {"type": "Point", "coordinates": [-120.29559, 47.49297]}, "properties": {"rank": 481, "name": "Pipkin S&G", "operator": "Pipkin Construction", "county": "Douglas", "acres": 24.0, "depth_ft": 110.0, "commodity": "Sand and Gravel", "ground": "alluvium", "tier": 2, "unit": "Quaternary alluvium", "km_to_find": 19.0}}, {"type": "Feature", "geometry": {"type": "Point", "coordinates": [-120.27282, 47.53925]}, "properties": {"rank": 482, "name": "Cds Aggregate", "operator": "Cds Aggregates Llc", "county": "Douglas", "acres": 20.0, "depth_ft": 115.0, "commodity": "Rock and Stone", "ground": "other Quaternary", "tier": 2, "unit": "Quaternary mass-wasting deposits", "km_to_find": 19.1}}, {"type": "Feature", "geometry": {"type": "Point", "coordinates": [-120.5215, 46.95368]}, "properties": {"rank": 483, "name": "Ps-S-226", "operator": "Dot - Dept Of Transportation", "county": "Kittitas", "acres": 56.0, "depth_ft": 20.0, "commodity": "Sand and Gravel", "ground": "alluvium", "tier": 2, "unit": "Quaternary alluvium", "km_to_find": 21.2}}, {"type": "Feature", "geometry": {"type": "Point", "coordinates": [-120.21708, 47.62839]}, "properties": {"rank": 484, "name": "Mitchell Pit", "operator": "Central Washington Asphalt Inc Dba Mitchell Paving", "county": "Douglas", "acres": 23.6, "depth_ft": 60.0, "commodity": "Sand and Gravel", "ground": "alluvium", "tier": 2, "unit": "Quaternary alluvium", "km_to_find": 24.1}}, {"type": "Feature", "geometry": {"type": "Point", "coordinates": [-117.78417, 46.64005]}, "properties": {"rank": 485, "name": "Central Ferry", "operator": "Port Of Whitman County", "county": "Whitman", "acres": 18.0, "depth_ft": 50.0, "commodity": "Sand and Gravel", "ground": "other Quaternary", "tier": 2, "unit": "Quaternary-Tertiary sedimentary rocks and deposits", "km_to_find": 10.2}}, {"type": "Feature", "geometry": {"type": "Point", "coordinates": [-119.24612, 46.27274]}, "properties": {"rank": 486, "name": "Pasco Pit", "operator": "Interstate Concrete & Asphalt", "county": "Franklin", "acres": 635.0, "depth_ft": 170.0, "commodity": "Sand and Gravel", "ground": "other Quaternary", "tier": 2, "unit": "Quaternary dune sand", "km_to_find": 98.9}}, {"type": "Feature", "geometry": {"type": "Point", "coordinates": [-120.31204, 47.50128]}, "properties": {"rank": 487, "name": "Staples Pit", "operator": "S 2000 Investment Llc", "county": "Chelan", "acres": 16.0, "depth_ft": 50.0, "commodity": "Sand and Gravel", "ground": "alluvium", "tier": 2, "unit": "Quaternary alluvium", "km_to_find": 17.5}}, {"type": "Feature", "geometry": {"type": "Point", "coordinates": [-120.78859, 45.79722]}, "properties": {"rank": 488, "name": "Lorena Butte", "operator": "Bishop Redrock Inc", "county": "Klickitat", "acres": 111.0, "depth_ft": 300.0, "commodity": "Rock and Stone", "ground": "other Quaternary", "tier": 2, "unit": "Quaternary-Tertiary volcanic rocks", "km_to_find": 119.5}}, {"type": "Feature", "geometry": {"type": "Point", "coordinates": [-120.61172, 47.02423]}, "properties": {"rank": 489, "name": "Ps-S-212", "operator": "Dot - Dept Of Transportation", "county": "Kittitas", "acres": 29.14, "depth_ft": 20.0, "commodity": "Sand and Gravel", "ground": "alluvium", "tier": 2, "unit": "Quaternary alluvium", "km_to_find": 20.9}}, {"type": "Feature", "geometry": {"type": "Point", "coordinates": [-121.70548, 47.46612]}, "properties": {"rank": 490, "name": "North Bend Gravel", "operator": "Hm Pacific Northwest, Inc.", "county": "King", "acres": 707.5, "depth_ft": 140.0, "commodity": "Sand and Gravel", "ground": "alluvium", "tier": 2, "unit": "Quaternary alluvium", "km_to_find": 68.8}}, {"type": "Feature", "geometry": {"type": "Point", "coordinates": [-117.71918, 48.15935]}, "properties": {"rank": 491, "name": "Dawson Sand & Gravel", "operator": "Dawson Trucking Inc", "county": "Stevens", "acres": 100.0, "depth_ft": 265.0, "commodity": "Sand and Gravel", "ground": "other Quaternary", "tier": 2, "unit": "Quaternary sedimentary rocks and deposits", "km_to_find": 76.0}}, {"type": "Feature", "geometry": {"type": "Point", "coordinates": [-117.73268, 48.13124]}, "properties": {"rank": 492, "name": "Field Quarry 1 & 2", "operator": "John N & Sherri L Hansen", "county": "Stevens", "acres": 60.44, "depth_ft": 320.0, "commodity": "Rock and Stone", "ground": "other Quaternary", "tier": 2, "unit": "Quaternary sedimentary rocks and deposits", "km_to_find": 73.1}}, {"type": "Feature", "geometry": {"type": "Point", "coordinates": [-121.62979, 47.84167]}, "properties": {"rank": 493, "name": "Reiter Pit", "operator": "Scarsella Brothers Inc", "county": "Snohomish", "acres": 127.0, "depth_ft": 135.0, "commodity": "Sand and Gravel", "ground": "alluvium", "tier": 2, "unit": "Quaternary alluvium", "km_to_find": 77.4}}, {"type": "Feature", "geometry": {"type": "Point", "coordinates": [-117.38586, 47.7456]}, "properties": {"rank": 494, "name": "Hawthorne", "operator": "Cpm Development Corp", "county": "Spokane", "acres": 76.0, "depth_ft": 160.0, "commodity": "Sand and Gravel", "ground": "other Quaternary", "tier": 2, "unit": "Quaternary dune sand", "km_to_find": 32.2}}, {"type": "Feature", "geometry": {"type": "Point", "coordinates": [-121.1712, 47.25582]}, "properties": {"rank": 495, "name": "Easton Ridge Land Company Inc", "operator": "Ellensburg Cement Products Inc", "county": "Kittitas", "acres": 45.800000000000004, "depth_ft": 255.0, "commodity": "Rock and Stone", "ground": "alluvium", "tier": 2, "unit": "Quaternary alluvium", "km_to_find": 52.3}}, {"type": "Feature", "geometry": {"type": "Point", "coordinates": [-120.45863, 46.5685]}, "properties": {"rank": 496, "name": "Riverside", "operator": "Central Pre Mix Concrete Co", "county": "Yakima", "acres": 320.0, "depth_ft": 80.0, "commodity": "Sand and Gravel", "ground": "alluvium", "tier": 2, "unit": "Quaternary alluvium", "km_to_find": 41.4}}, {"type": "Feature", "geometry": {"type": "Point", "coordinates": [-123.45552, 46.99594]}, "properties": {"rank": 497, "name": "Bayview Redi Mix", "operator": "Bayview Redi Mix", "county": "Grays Harbor", "acres": 111.0, "depth_ft": 105.0, "commodity": "Sand and Gravel", "ground": "alluvium", "tier": 2, "unit": "Quaternary alluvium", "km_to_find": 93.1}}, {"type": "Feature", "geometry": {"type": "Point", "coordinates": [-117.11344, 46.72644]}, "properties": {"rank": 498, "name": "Jorstad Pit", "operator": "Poe Asphalt Paving Inc", "county": "Whitman", "acres": 59.0, "depth_ft": 150.0, "commodity": "Rock and Stone", "ground": "alluvium", "tier": 2, "unit": "Quaternary alluvium", "km_to_find": 44.1}}, {"type": "Feature", "geometry": {"type": "Point", "coordinates": [-120.3482, 46.39327]}, "properties": {"rank": 499, "name": "Toppenish", "operator": "Cpm Development Corp", "county": "Yakima", "acres": 280.0, "depth_ft": 70.0, "commodity": "Sand and Gravel", "ground": "alluvium", "tier": 2, "unit": "Quaternary alluvium", "km_to_find": 62.3}}, {"type": "Feature", "geometry": {"type": "Point", "coordinates": [-120.94728, 45.85144]}, "properties": {"rank": 500, "name": "Blockhouse", "operator": "Double M Enterprises", "county": "Klickitat", "acres": 40.0, "depth_ft": 200.0, "commodity": "Geology Other", "ground": "other Quaternary", "tier": 2, "unit": "Quaternary-Tertiary volcanic rocks", "km_to_find": 114.3}}, {"type": "Feature", "geometry": {"type": "Point", "coordinates": [-121.16209, 47.24108]}, "properties": {"rank": 501, "name": "Cresto Pit", "operator": "Ellensburg Cement Products", "county": "Kittitas", "acres": 113.0, "depth_ft": 90.0, "commodity": "Sand and Gravel", "ground": "alluvium", "tier": 2, "unit": "Quaternary alluvium", "km_to_find": 50.5}}, {"type": "Feature", "geometry": {"type": "Point", "coordinates": [-120.69108, 47.24942]}, "properties": {"rank": 502, "name": "Lavinal Sand & Gravel", "operator": "Lavinal Corporation", "county": "Kittitas", "acres": 74.8, "depth_ft": 110.0, "commodity": "Sand and Gravel", "ground": "alluvium", "tier": 2, "unit": "Quaternary alluvium", "km_to_find": 37.3}}, {"type": "Feature", "geometry": {"type": "Point", "coordinates": [-120.84294, 47.83399]}, "properties": {"rank": 503, "name": "Two Rivers Pit", "operator": "Two Rivers Inc", "county": "Chelan", "acres": 88.2, "depth_ft": 100.0, "commodity": "Sand and Gravel", "ground": "alluvium", "tier": 2, "unit": "Quaternary alluvium", "km_to_find": 38.2}}, {"type": "Feature", "geometry": {"type": "Point", "coordinates": [-119.01228, 46.425]}, "properties": {"rank": 504, "name": "Heinen Brothers Rock Products", "operator": "Heinen Brothers Inc", "county": "Franklin", "acres": 86.0, "depth_ft": 100.0, "commodity": "Sand and Gravel", "ground": "other Quaternary", "tier": 2, "unit": "Quaternary dune sand", "km_to_find": 74.9}}, {"type": "Feature", "geometry": {"type": "Point", "coordinates": [-117.83155, 48.35469]}, "properties": {"rank": 505, "name": "Addy Pit", "operator": "Colville Valley Concrete", "county": "Stevens", "acres": 30.0, "depth_ft": 243.0, "commodity": "Sand and Gravel", "ground": "other Quaternary", "tier": 2, "unit": "Quaternary sedimentary rocks and deposits", "km_to_find": 98.9}}, {"type": "Feature", "geometry": {"type": "Point", "coordinates": [-121.97515, 48.27428]}, "properties": {"rank": 506, "name": "Oso Gravel", "operator": "Green Crow Corp", "county": "Snohomish", "acres": 400.0, "depth_ft": 45.0, "commodity": "Sand and Gravel", "ground": "alluvium", "tier": 2, "unit": "Quaternary alluvium", "km_to_find": 60.8}}, {"type": "Feature", "geometry": {"type": "Point", "coordinates": [-117.36504, 47.74574]}, "properties": {"rank": 507, "name": "Market Street Sand", "operator": "Jmac Resources Inc", "county": "Spokane", "acres": 41.56, "depth_ft": 120.0, "commodity": "Sand and Gravel", "ground": "other Quaternary", "tier": 2, "unit": "Quaternary dune sand", "km_to_find": 32.9}}, {"type": "Feature", "geometry": {"type": "Point", "coordinates": [-119.26833, 46.25587]}, "properties": {"rank": 508, "name": "Richland", "operator": "Cpm Development Corp.", "county": "Benton", "acres": 100.0, "depth_ft": 70.0, "commodity": "Sand and Gravel", "ground": "alluvium", "tier": 2, "unit": "Quaternary alluvium", "km_to_find": 101.4}}, {"type": "Feature", "geometry": {"type": "Point", "coordinates": [-118.01653, 48.31166]}, "properties": {"rank": 509, "name": "Summit Valley Pit", "operator": "Michael E & Denise E Flanders", "county": "Stevens", "acres": 39.95, "depth_ft": 130.0, "commodity": "Sand and Gravel", "ground": "other Quaternary", "tier": 2, "unit": "Quaternary sedimentary rocks and deposits", "km_to_find": 98.0}}, {"type": "Feature", "geometry": {"type": "Point", "coordinates": [-122.92779, 46.40572]}, "properties": {"rank": 510, "name": "Mandy Rd Pit", "operator": "Wallace Rock Products Inc", "county": "Lewis", "acres": 163.0, "depth_ft": 50.0, "commodity": "Sand and Gravel", "ground": "alluvium", "tier": 2, "unit": "Quaternary alluvium", "km_to_find": 135.1}}, {"type": "Feature", "geometry": {"type": "Point", "coordinates": [-120.21189, 48.48588]}, "properties": {"rank": 511, "name": "Reward Sand & Gravel", "operator": "Cascade Concrete Products Co Inc", "county": "Okanogan", "acres": 33.0, "depth_ft": 145.0, "commodity": "Sand and Gravel", "ground": "other Quaternary", "tier": 2, "unit": "Quaternary sedimentary rocks and deposits", "km_to_find": 105.0}}, {"type": "Feature", "geometry": {"type": "Point", "coordinates": [-122.62198, 45.82122]}, "properties": {"rank": 512, "name": "Daybreak", "operator": "J L Storedahl & Sons Inc", "county": "Clark", "acres": 292.0, "depth_ft": 40.0, "commodity": "Sand and Gravel", "ground": "alluvium", "tier": 2, "unit": "Quaternary alluvium", "km_to_find": 183.8}}, {"type": "Feature", "geometry": {"type": "Point", "coordinates": [-117.37573, 47.73574]}, "properties": {"rank": 513, "name": "Crestline", "operator": "Cpm Development Corp", "county": "Spokane", "acres": 40.0, "depth_ft": 110.0, "commodity": "Sand and Gravel", "ground": "other Quaternary", "tier": 2, "unit": "Quaternary dune sand", "km_to_find": 31.5}}, {"type": "Feature", "geometry": {"type": "Point", "coordinates": [-119.12706, 46.15266]}, "properties": {"rank": 514, "name": "Olympia Street Quarry", "operator": "Columbia Basin Developers Of Kennewick Llc", "county": "Benton", "acres": 32.4, "depth_ft": 120.0, "commodity": "Rock and Stone", "ground": "alluvium", "tier": 2, "unit": "Quaternary alluvium", "km_to_find": 105.7}}, {"type": "Feature", "geometry": {"type": "Point", "coordinates": [-123.69319, 47.04278]}, "properties": {"rank": 515, "name": "Evergreen", "operator": "Northwest Rock Inc", "county": "Grays Harbor", "acres": 80.0, "depth_ft": 60.0, "commodity": "Sand and Gravel", "ground": "alluvium", "tier": 2, "unit": "Quaternary alluvium", "km_to_find": 103.1}}, {"type": "Feature", "geometry": {"type": "Point", "coordinates": [-121.36397, 46.65347]}, "properties": {"rank": 516, "name": "Lehman-Heatherstone", "operator": "Granite Northwest Inc (East)", "county": "Yakima", "acres": 30.0, "depth_ft": 120.0, "commodity": "Rock and Stone", "ground": "other Quaternary", "tier": 2, "unit": "Pleistocene volcanic rocks", "km_to_find": 51.1}}, {"type": "Feature", "geometry": {"type": "Point", "coordinates": [-120.14454, 47.39686]}, "properties": {"rank": 517, "name": "Zacher", "operator": "Douglas County Tls", "county": "Douglas", "acres": 28.400000000000002, "depth_ft": 128.0, "commodity": "Rock and Stone", "ground": "other Quaternary", "tier": 2, "unit": "Quaternary mass-wasting deposits", "km_to_find": 34.2}}, {"type": "Feature", "geometry": {"type": "Point", "coordinates": [-121.05517, 47.23661]}, "properties": {"rank": 518, "name": "Winston", "operator": "Jeld Wen Inc", "county": "Kittitas", "acres": 14.51, "depth_ft": 270.0, "commodity": "Sand and Gravel", "ground": "alluvium", "tier": 2, "unit": "Quaternary alluvium", "km_to_find": 45.8}}, {"type": "Feature", "geometry": {"type": "Point", "coordinates": [-123.4416, 46.99414]}, "properties": {"rank": 519, "name": "Winters Pit", "operator": "Northwest Rock Inc", "county": "Grays Harbor", "acres": 72.12, "depth_ft": 60.0, "commodity": "Sand and Gravel", "ground": "alluvium", "tier": 2, "unit": "Quaternary alluvium", "km_to_find": 92.6}}, {"type": "Feature", "geometry": {"type": "Point", "coordinates": [-117.82926, 48.34077]}, "properties": {"rank": 520, "name": "Maresca Sand & Gravel", "operator": "Maresca Sand & Gravel", "county": "Stevens", "acres": 18.29, "depth_ft": 200.0, "commodity": "Sand and Gravel", "ground": "other Quaternary", "tier": 2, "unit": "Quaternary sedimentary rocks and deposits", "km_to_find": 97.3}}, {"type": "Feature", "geometry": {"type": "Point", "coordinates": [-120.18588, 47.41632]}, "properties": {"rank": 521, "name": "Eastside Resources", "operator": "Selland Construction Co", "county": "Douglas", "acres": 76.0, "depth_ft": 58.0, "commodity": "Rock and Stone", "ground": "other Quaternary", "tier": 2, "unit": "Quaternary mass-wasting deposits", "km_to_find": 30.4}}, {"type": "Feature", "geometry": {"type": "Point", "coordinates": [-121.93776, 45.67519]}, "properties": {"rank": 522, "name": "Blue Lake", "operator": "Skamania County Public Works", "county": "Skamania", "acres": 30.0, "depth_ft": 110.0, "commodity": "Rock and Stone", "ground": "other Quaternary", "tier": 2, "unit": "Quaternary volcanic rocks", "km_to_find": 160.4}}, {"type": "Feature", "geometry": {"type": "Point", "coordinates": [-119.54268, 48.38653]}, "properties": {"rank": 523, "name": "Rodeo Trail Pit", "operator": "Granite Construction Company", "county": "Okanogan", "acres": 70.4, "depth_ft": 55.0, "commodity": "Sand and Gravel", "ground": "alluvium", "tier": 2, "unit": "Quaternary alluvium", "km_to_find": 89.1}}, {"type": "Feature", "geometry": {"type": "Point", "coordinates": [-120.49377, 46.48135]}, "properties": {"rank": 524, "name": "Ls Wapato Llc", "operator": "Interstate Concrete & Asphalt", "county": "Yakima", "acres": 78.8, "depth_ft": 50.0, "commodity": "Sand and Gravel", "ground": "alluvium", "tier": 2, "unit": "Quaternary alluvium", "km_to_find": 48.4}}, {"type": "Feature", "geometry": {"type": "Point", "coordinates": [-123.85389, 46.93985]}, "properties": {"rank": 525, "name": "Neshkaw Sand & Gravel", "operator": "Neshkaw Sand & Gravel Llc", "county": "Grays Harbor", "acres": 39.9, "depth_ft": 90.0, "commodity": "Sand and Gravel", "ground": "alluvium", "tier": 2, "unit": "Quaternary alluvium", "km_to_find": 119.7}}, {"type": "Feature", "geometry": {"type": "Point", "coordinates": [-123.64389, 46.98183]}, "properties": {"rank": 526, "name": "Wynoochee East", "operator": "Northwest Rock Inc", "county": "Grays Harbor", "acres": 41.0, "depth_ft": 80.0, "commodity": "Sand and Gravel", "ground": "alluvium", "tier": 2, "unit": "Quaternary alluvium", "km_to_find": 104.5}}, {"type": "Feature", "geometry": {"type": "Point", "coordinates": [-122.00881, 47.83346]}, "properties": {"rank": 527, "name": "Skykomish Habitat Llc", "operator": "Skykomish Habitat Llc", "county": "Snohomish", "acres": 172.0, "depth_ft": 20.0, "commodity": "Sand and Gravel", "ground": "alluvium", "tier": 2, "unit": "Quaternary alluvium", "km_to_find": 51.3}}, {"type": "Feature", "geometry": {"type": "Point", "coordinates": [-118.84824, 47.23048]}, "properties": {"rank": 528, "name": "Batum #19", "operator": "Adams County Public Works", "county": "Adams", "acres": 38.2, "depth_ft": 80.0, "commodity": "Rock and Stone", "ground": "alluvium", "tier": 2, "unit": "Quaternary alluvium", "km_to_find": 36.8}}, {"type": "Feature", "geometry": {"type": "Point", "coordinates": [-122.89405, 46.09758]}, "properties": {"rank": 529, "name": "Anchor Point", "operator": "J L Storedahl & Sons", "county": "Cowlitz", "acres": 209.0, "depth_ft": null, "commodity": "Sand and Gravel", "ground": "alluvium", "tier": 2, "unit": "Quaternary alluvium", "km_to_find": 168.6}}, {"type": "Feature", "geometry": {"type": "Point", "coordinates": [-122.90943, 46.40344]}, "properties": {"rank": 530, "name": "Foster Creek Pit", "operator": "Eagle Cliff Northwest Llc", "county": "Lewis", "acres": 60.0, "depth_ft": 50.0, "commodity": "Sand and Gravel", "ground": "alluvium", "tier": 2, "unit": "Quaternary alluvium", "km_to_find": 135.1}}, {"type": "Feature", "geometry": {"type": "Point", "coordinates": [-121.9564, 47.16773]}, "properties": {"rank": 531, "name": "Nielson", "operator": "Jensen Sand & Gravel", "county": "King", "acres": 26.0, "depth_ft": 100.0, "commodity": "Sand and Gravel", "ground": "other Quaternary", "tier": 2, "unit": "Quaternary mass-wasting deposits", "km_to_find": 68.3}}, {"type": "Feature", "geometry": {"type": "Point", "coordinates": [-122.80362, 46.45742]}, "properties": {"rank": 532, "name": "Cowlitz River", "operator": "Robert J Thompson", "county": "Lewis", "acres": 75.0, "depth_ft": 40.0, "commodity": "Sand and Gravel", "ground": "alluvium", "tier": 2, "unit": "Quaternary alluvium", "km_to_find": 128.0}}, {"type": "Feature", "geometry": {"type": "Point", "coordinates": [-120.39236, 45.70932]}, "properties": {"rank": 533, "name": "Darch Quarry", "operator": "Beeks Ranches Inc", "county": "Klickitat", "acres": 12.06, "depth_ft": 174.0, "commodity": "Rock and Stone", "ground": "other Quaternary", "tier": 2, "unit": "Quaternary mass-wasting deposits", "km_to_find": 132.5}}, {"type": "Feature", "geometry": {"type": "Point", "coordinates": [-120.21834, 48.48779]}, "properties": {"rank": 534, "name": "Winthrop Pit", "operator": "Lloyd Logging Inc", "county": "Okanogan", "acres": 160.0, "depth_ft": null, "commodity": "Sand and Gravel", "ground": "other Quaternary", "tier": 2, "unit": "Quaternary sedimentary rocks and deposits", "km_to_find": 105.1}}, {"type": "Feature", "geometry": {"type": "Point", "coordinates": [-119.26314, 46.25454]}, "properties": {"rank": 535, "name": "Richland Wye", "operator": "Interstate Concrete & Asphalt", "county": "Benton", "acres": 37.5, "depth_ft": 70.0, "commodity": "Sand and Gravel", "ground": "alluvium", "tier": 2, "unit": "Quaternary alluvium", "km_to_find": 101.3}}, {"type": "Feature", "geometry": {"type": "Point", "coordinates": [-120.94849, 47.15931]}, "properties": {"rank": 536, "name": "Upper Peoh Rock Quarry", "operator": "Upper Peoh Point Rock Quarry Llc", "county": "Kittitas", "acres": 100.0, "depth_ft": 23.0, "commodity": "Rock and Stone", "ground": "alluvium", "tier": 2, "unit": "Quaternary alluvium", "km_to_find": 34.6}}, {"type": "Feature", "geometry": {"type": "Point", "coordinates": [-123.38136, 46.99216]}, "properties": {"rank": 537, "name": "Twidwell Rd Gravel Mine", "operator": "Orville E & Jamie C Mowry", "county": "Grays Harbor", "acres": 14.0, "depth_ft": 115.0, "commodity": "Sand and Gravel", "ground": "alluvium", "tier": 2, "unit": "Quaternary alluvium", "km_to_find": 89.7}}, {"type": "Feature", "geometry": {"type": "Point", "coordinates": [-122.06451, 47.96515]}, "properties": {"rank": 538, "name": "Riverside S&G", "operator": "Louis F Matheson", "county": "Snohomish", "acres": 21.0, "depth_ft": 85.0, "commodity": "Sand and Gravel", "ground": "alluvium", "tier": 2, "unit": "Quaternary alluvium", "km_to_find": 54.4}}, {"type": "Feature", "geometry": {"type": "Point", "coordinates": [-121.94291, 45.67268]}, "properties": {"rank": 539, "name": "N Bonneville Quarry", "operator": "Farwest Portable Crushing Inc", "county": "Skamania", "acres": 33.0, "depth_ft": 60.0, "commodity": "Rock and Stone", "ground": "other Quaternary", "tier": 2, "unit": "Quaternary mass-wasting deposits", "km_to_find": 160.8}}, {"type": "Feature", "geometry": {"type": "Point", "coordinates": [-120.45631, 46.49406]}, "properties": {"rank": 540, "name": "George Pit", "operator": "Yakima County Public Works", "county": "Yakima", "acres": 60.76, "depth_ft": 30.0, "commodity": "Sand and Gravel", "ground": "alluvium", "tier": 2, "unit": "Quaternary alluvium", "km_to_find": 48.5}}, {"type": "Feature", "geometry": {"type": "Point", "coordinates": [-123.47547, 47.12518]}, "properties": {"rank": 541, "name": "Decker Creek Mine", "operator": "Northwest Rock Inc", "county": "Mason", "acres": 44.300000000000004, "depth_ft": 42.0, "commodity": "Sand and Gravel", "ground": "alluvium", "tier": 2, "unit": "Quaternary alluvium", "km_to_find": 84.5}}, {"type": "Feature", "geometry": {"type": "Point", "coordinates": [-120.96767, 47.18105]}, "properties": {"rank": 542, "name": "Milwaukee Pit", "operator": "Ellensburg Cement Products Inc", "county": "Kittitas", "acres": 58.0, "depth_ft": 30.0, "commodity": "Sand and Gravel", "ground": "alluvium", "tier": 2, "unit": "Quaternary alluvium", "km_to_find": 37.4}}, {"type": "Feature", "geometry": {"type": "Point", "coordinates": [-119.60114, 46.07935]}, "properties": {"rank": 543, "name": "Qs-R-33", "operator": "Dot - Dept Of Transportation", "county": "Benton", "acres": 27.0, "depth_ft": 65.0, "commodity": "Rock and Stone", "ground": "alluvium", "tier": 2, "unit": "Quaternary alluvium", "km_to_find": 125.8}}, {"type": "Feature", "geometry": {"type": "Point", "coordinates": [-120.18562, 48.4654]}, "properties": {"rank": 544, "name": "Cascade Concrete", "operator": "Cascade Concrete Products Co Inc", "county": "Okanogan", "acres": 23.1, "depth_ft": 70.0, "commodity": "Sand and Gravel", "ground": "other Quaternary", "tier": 2, "unit": "Quaternary sedimentary rocks and deposits", "km_to_find": 103.2}}, {"type": "Feature", "geometry": {"type": "Point", "coordinates": [-121.77441, 48.27721]}, "properties": {"rank": 545, "name": "Ps-D-170 (Boulder Creek)", "operator": "Dot - Dept Of Transportation", "county": "Snohomish", "acres": 22.5, "depth_ft": 70.0, "commodity": "Sand and Gravel", "ground": "other Quaternary", "tier": 2, "unit": "Quaternary fragmental volcanic rocks and deposits (includes lahars)", "km_to_find": 75.2}}, {"type": "Feature", "geometry": {"type": "Point", "coordinates": [-123.97012, 47.22743]}, "properties": {"rank": 546, "name": "Humptulips Gravel", "operator": "Quigg Bros Inc", "county": "Grays Harbor", "acres": 40.0, "depth_ft": 39.0, "commodity": "Sand and Gravel", "ground": "alluvium", "tier": 2, "unit": "Quaternary alluvium", "km_to_find": 111.1}}, {"type": "Feature", "geometry": {"type": "Point", "coordinates": [-122.91074, 46.2914]}, "properties": {"rank": 547, "name": "Lang", "operator": "Segale Properties Llc", "county": "Cowlitz", "acres": 27.0, "depth_ft": 52.0, "commodity": "Sand and Gravel", "ground": "other Quaternary", "tier": 2, "unit": "Quaternary fragmental volcanic rocks and deposits (includes lahars)", "km_to_find": 147.4}}, {"type": "Feature", "geometry": {"type": "Point", "coordinates": [-120.76972, 45.86684]}, "properties": {"rank": 548, "name": "Qs-Z-146", "operator": "Dot - Dept Of Transportation", "county": "Klickitat", "acres": 19.240000000000002, "depth_ft": 72.0, "commodity": "Sand and Gravel", "ground": "other Quaternary", "tier": 2, "unit": "Quaternary-Tertiary volcanic rocks", "km_to_find": 111.8}}, {"type": "Feature", "geometry": {"type": "Point", "coordinates": [-121.85992, 48.53918]}, "properties": {"rank": 549, "name": "Challenger Rd Pit", "operator": "Skagit Aggregates Llc", "county": "Skagit", "acres": 15.0, "depth_ft": 80.0, "commodity": "Sand and Gravel", "ground": "alluvium", "tier": 2, "unit": "Quaternary alluvium", "km_to_find": 78.9}}, {"type": "Feature", "geometry": {"type": "Point", "coordinates": [-122.1445, 48.20955]}, "properties": {"rank": 550, "name": "Smokey Point", "operator": "Cpc Materials Inc", "county": "Snohomish", "acres": 21.0, "depth_ft": 60.0, "commodity": "Sand and Gravel", "ground": "alluvium", "tier": 2, "unit": "Quaternary alluvium", "km_to_find": 46.8}}, {"type": "Feature", "geometry": {"type": "Point", "coordinates": [-120.18454, 47.38235]}, "properties": {"rank": 551, "name": "Rock Island", "operator": "Douglas County Tls", "county": "Douglas", "acres": 15.36, "depth_ft": 78.0, "commodity": "Sand and Gravel", "ground": "other Quaternary", "tier": 2, "unit": "Quaternary mass-wasting deposits", "km_to_find": 32.7}}, {"type": "Feature", "geometry": {"type": "Point", "coordinates": [-118.36611, 46.07264]}, "properties": {"rank": 552, "name": "Dell Ave", "operator": "Koncrete Industries, Inc.", "county": "Walla Walla", "acres": 40.0, "depth_ft": 30.0, "commodity": "Sand and Gravel", "ground": "alluvium", "tier": 2, "unit": "Quaternary alluvium", "km_to_find": 87.4}}, {"type": "Feature", "geometry": {"type": "Point", "coordinates": [-117.17063, 47.14304]}, "properties": {"rank": 553, "name": "Doneen Quarry", "operator": "Whitman County Public Works", "county": "Whitman", "acres": 13.0, "depth_ft": 80.0, "commodity": "Rock and Stone", "ground": "alluvium", "tier": 2, "unit": "Quaternary alluvium", "km_to_find": 27.4}}, {"type": "Feature", "geometry": {"type": "Point", "coordinates": [-122.90663, 46.19755]}, "properties": {"rank": 554, "name": "Dd Marquardt", "operator": "Nutter Corporation", "county": "Cowlitz", "acres": 45.5, "depth_ft": 15.0, "commodity": "Sand and Gravel", "ground": "alluvium", "tier": 2, "unit": "Quaternary alluvium", "km_to_find": 157.7}}, {"type": "Feature", "geometry": {"type": "Point", "coordinates": [-117.11709, 47.01231]}, "properties": {"rank": 555, "name": "Qs-P-97 Garfield", "operator": "Dot - Dept Of Transportation", "county": "Whitman", "acres": 14.540000000000001, "depth_ft": 74.0, "commodity": "Rock and Stone", "ground": "alluvium", "tier": 2, "unit": "Quaternary alluvium", "km_to_find": 37.3}}, {"type": "Feature", "geometry": {"type": "Point", "coordinates": [-121.7964, 48.53115]}, "properties": {"rank": 556, "name": "Eagle Hill", "operator": "Skagit County Public Works", "county": "Skagit", "acres": 15.4, "depth_ft": 65.0, "commodity": "Sand and Gravel", "ground": "alluvium", "tier": 2, "unit": "Quaternary alluvium", "km_to_find": 83.6}}, {"type": "Feature", "geometry": {"type": "Point", "coordinates": [-117.32447, 47.80291]}, "properties": {"rank": 557, "name": "Fred Brown Sand Mine", "operator": "Cpm Development Corp", "county": "Spokane", "acres": 20.0, "depth_ft": 50.0, "commodity": "Sand and Gravel", "ground": "other Quaternary", "tier": 2, "unit": "Quaternary dune sand", "km_to_find": 39.9}}, {"type": "Feature", "geometry": {"type": "Point", "coordinates": [-117.77307, 48.94274]}, "properties": {"rank": 558, "name": "Ps-W-63 Sheep Creek", "operator": "Dot - Dept Of Transportation", "county": "Stevens", "acres": 10.3, "depth_ft": 66.0, "commodity": "Sand and Gravel", "ground": "alluvium", "tier": 2, "unit": "Quaternary alluvium", "km_to_find": 163.0}}, {"type": "Feature", "geometry": {"type": "Point", "coordinates": [-123.73342, 48.08031]}, "properties": {"rank": 559, "name": "Rains Pit", "operator": "Delhur Industries Inc", "county": "Clallam", "acres": 10.0, "depth_ft": 60.0, "commodity": "Sand and Gravel", "ground": "other Quaternary", "tier": 2, "unit": "Quaternary mass-wasting deposits", "km_to_find": 46.0}}, {"type": "Feature", "geometry": {"type": "Point", "coordinates": [-119.81612, 46.64068]}, "properties": {"rank": 560, "name": "Mattawa S Pit #57", "operator": "Grant County Public Works", "county": "Grant", "acres": 20.0, "depth_ft": 30.0, "commodity": "Sand and Gravel", "ground": "other Quaternary", "tier": 2, "unit": "Quaternary dune sand", "km_to_find": 77.3}}, {"type": "Feature", "geometry": {"type": "Point", "coordinates": [-122.83803, 45.99118]}, "properties": {"rank": 561, "name": "S Port Industrial", "operator": "Port Of Kalama", "county": "Cowlitz", "acres": 23.0, "depth_ft": 15.0, "commodity": "Sand and Gravel", "ground": "alluvium", "tier": 2, "unit": "Quaternary alluvium", "km_to_find": 179.8}}, {"type": "Feature", "geometry": {"type": "Point", "coordinates": [-122.90539, 46.20602]}, "properties": {"rank": 562, "name": "Fiorito", "operator": "Derosier Trucking Inc", "county": "Cowlitz", "acres": 10.0, "depth_ft": 40.0, "commodity": "Sand and Gravel", "ground": "alluvium", "tier": 2, "unit": "Quaternary alluvium", "km_to_find": 156.7}}, {"type": "Feature", "geometry": {"type": "Point", "coordinates": [-122.90739, 46.20395]}, "properties": {"rank": 563, "name": "Pleasant Hill", "operator": "Derosier Trucking", "county": "Cowlitz", "acres": 14.0, "depth_ft": 30.0, "commodity": "Sand and Gravel", "ground": "alluvium", "tier": 2, "unit": "Quaternary alluvium", "km_to_find": 157.0}}, {"type": "Feature", "geometry": {"type": "Point", "coordinates": [-122.75899, 45.71344]}, "properties": {"rank": 564, "name": "Fazio Pit", "operator": "Fazio Bros Sand Co Inc", "county": "Clark", "acres": 13.85, "depth_ft": 25.0, "commodity": "Sand and Gravel", "ground": "alluvium", "tier": 2, "unit": "Quaternary alluvium", "km_to_find": 199.7}}, {"type": "Feature", "geometry": {"type": "Point", "coordinates": [-121.94164, 45.65664]}, "properties": {"rank": 565, "name": "Sand Pit", "operator": "Pirfil Cam", "county": "Skamania", "acres": 5.1000000000000005, "depth_ft": 34.0, "commodity": "Sand and Gravel", "ground": "other Quaternary", "tier": 2, "unit": "Quaternary mass-wasting deposits", "km_to_find": 162.3}}, {"type": "Feature", "geometry": {"type": "Point", "coordinates": [-123.99899, 47.19517]}, "properties": {"rank": 566, "name": "Gwin", "operator": "Drolz Log & Rock Co Inc", "county": "Grays Harbor", "acres": 8.05, "depth_ft": 30.0, "commodity": "Sand and Gravel", "ground": "alluvium", "tier": 2, "unit": "Quaternary alluvium", "km_to_find": 114.5}}, {"type": "Feature", "geometry": {"type": "Point", "coordinates": [-120.40063, 47.06124]}, "properties": {"rank": 567, "name": "Schnebly", "operator": "Kittitas County Public Works", "county": "Kittitas", "acres": 6.9, "depth_ft": 20.0, "commodity": "Sand and Gravel", "ground": "alluvium", "tier": 2, "unit": "Quaternary alluvium", "km_to_find": 35.2}}, {"type": "Feature", "geometry": {"type": "Point", "coordinates": [-120.21505, 47.61975]}, "properties": {"rank": 568, "name": "Orondo Pit", "operator": "Interstate Concrete & Asphalt Co.", "county": "Douglas", "acres": 320.0, "depth_ft": 350.0, "commodity": "Sand and Gravel", "ground": "bedrock or older", "tier": 3, "unit": "Precambrian heterogeneous metamorphic rocks", "km_to_find": 24.0}}, {"type": "Feature", "geometry": {"type": "Point", "coordinates": [-122.66869, 47.43171]}, "properties": {"rank": 569, "name": "Airport", "operator": "Miles Sand & Gravel Co", "county": "Kitsap", "acres": 173.5, "depth_ft": 205.0, "commodity": "Sand and Gravel", "ground": "bedrock or older", "tier": 3, "unit": "Holocene artificial fill and modified land", "km_to_find": 19.4}}, {"type": "Feature", "geometry": {"type": "Point", "coordinates": [-123.13924, 48.03606]}, "properties": {"rank": 570, "name": "Haller", "operator": "Delhur Industries Inc", "county": "Clallam", "acres": 106.72, "depth_ft": 205.0, "commodity": "Rock and Stone", "ground": "bedrock or older", "tier": 3, "unit": "Eocene Crescent Formation, volcanic rocks", "km_to_find": 2.3}}, {"type": "Feature", "geometry": {"type": "Point", "coordinates": [-122.69289, 47.53442]}, "properties": {"rank": 571, "name": "Krmi Quarry", "operator": "Ja Jack & Sons, Inc. D/B/A Kitsap Reclamation And Materials", "county": "Kitsap", "acres": 96.67, "depth_ft": 220.0, "commodity": "Rock and Stone", "ground": "bedrock or older", "tier": 3, "unit": "Eocene Crescent Formation, volcanic rocks", "km_to_find": 10.1}}, {"type": "Feature", "geometry": {"type": "Point", "coordinates": [-122.68063, 47.95808]}, "properties": {"rank": 572, "name": "Mats Mats", "operator": "Glacier Nw", "county": "Jefferson", "acres": 117.0, "depth_ft": 170.0, "commodity": "Rock and Stone", "ground": "bedrock or older", "tier": 3, "unit": "Eocene Crescent Formation, volcanic rocks", "km_to_find": 18.6}}, {"type": "Feature", "geometry": {"type": "Point", "coordinates": [-122.58051, 48.12828]}, "properties": {"rank": 573, "name": "Greenbank S&G", "operator": "Greenbank Inc Dba Greenbank Concrete & Aggregates", "county": "Island", "acres": 160.0, "depth_ft": 100.0, "commodity": "Sand and Gravel", "ground": "bedrock or older", "tier": 3, "unit": "Holocene artificial fill and modified land", "km_to_find": 13.4}}, {"type": "Feature", "geometry": {"type": "Point", "coordinates": [-122.79115, 47.59415]}, "properties": {"rank": 574, "name": "Wildcat", "operator": "Kitsap County Public Works", "county": "Kitsap", "acres": 40.0, "depth_ft": 325.0, "commodity": "Rock and Stone", "ground": "bedrock or older", "tier": 3, "unit": "Tertiary intrusive rocks", "km_to_find": 14.3}}, {"type": "Feature", "geometry": {"type": "Point", "coordinates": [-117.53708, 47.70664]}, "properties": {"rank": 575, "name": "Highland", "operator": "Highland Quarry Llc", "county": "Spokane", "acres": 50.42, "depth_ft": 202.0, "commodity": "Rock and Stone", "ground": "bedrock or older", "tier": 3, "unit": "Miocene Columbia River Basalt Group, Grande Ronde Basalt", "km_to_find": 24.9}}, {"type": "Feature", "geometry": {"type": "Point", "coordinates": [-122.79837, 47.48366]}, "properties": {"rank": 576, "name": "Shillinger", "operator": "Allen Shearer Trucking & Landscape Supply Inc", "county": "Kitsap", "acres": 115.0, "depth_ft": 100.0, "commodity": "Sand and Gravel", "ground": "bedrock or older", "tier": 3, "unit": "Holocene artificial fill and modified land", "km_to_find": 19.7}}, {"type": "Feature", "geometry": {"type": "Point", "coordinates": [-117.83175, 46.67884]}, "properties": {"rank": 577, "name": "Qs-P-151 Cox", "operator": "Dot - Dept Of Transportation", "county": "Whitman", "acres": 41.980000000000004, "depth_ft": 205.0, "commodity": "Rock and Stone", "ground": "bedrock or older", "tier": 3, "unit": "Miocene Columbia River Basalt Group, Wanapum Basalt", "km_to_find": 11.2}}, {"type": "Feature", "geometry": {"type": "Point", "coordinates": [-122.91456, 48.64446]}, "properties": {"rank": 578, "name": "Dolphin Bay Quarry", "operator": "Dolphin Bay Quarry", "county": "San Juan", "acres": 41.300000000000004, "depth_ft": 200.0, "commodity": "Rock and Stone", "ground": "bedrock or older", "tier": 3, "unit": "Mesozoic sedimentary rocks and deposits", "km_to_find": 4.2}}, {"type": "Feature", "geometry": {"type": "Point", "coordinates": [-120.82802, 46.76053]}, "properties": {"rank": 579, "name": "Horseshoe Bend Quarry", "operator": "Hbq Inc", "county": "Yakima", "acres": 44.7, "depth_ft": 160.0, "commodity": "Rock and Stone", "ground": "bedrock or older", "tier": 3, "unit": "Miocene Columbia River Basalt Group, Grande Ronde Basalt", "km_to_find": 13.1}}, {"type": "Feature", "geometry": {"type": "Point", "coordinates": [-120.70012, 47.0419]}, "properties": {"rank": 580, "name": "Page Canyon Quarry", "operator": "Ellensburg Cement Products", "county": "Kittitas", "acres": 50.26, "depth_ft": 135.0, "commodity": "Rock and Stone", "ground": "bedrock or older", "tier": 3, "unit": "Miocene Columbia River Basalt Group, Grande Ronde Basalt", "km_to_find": 19.7}}, {"type": "Feature", "geometry": {"type": "Point", "coordinates": [-123.13522, 48.54889]}, "properties": {"rank": 581, "name": "Lawson Quarry", "operator": "Richard L Lawson Construction", "county": "San Juan", "acres": 40.0, "depth_ft": 170.0, "commodity": "Rock and Stone", "ground": "bedrock or older", "tier": 3, "unit": "Mesozoic metasedimentary rocks", "km_to_find": 12.4}}, {"type": "Feature", "geometry": {"type": "Point", "coordinates": [-117.75532, 46.73835]}, "properties": {"rank": 582, "name": "Hayfield Quarry", "operator": "Shawnee Rock Inc", "county": "Whitman", "acres": 42.0, "depth_ft": 115.0, "commodity": "Rock and Stone", "ground": "bedrock or older", "tier": 3, "unit": "Miocene Columbia River Basalt Group, Wanapum Basalt", "km_to_find": 6.1}}, {"type": "Feature", "geometry": {"type": "Point", "coordinates": [-119.18379, 47.61599]}, "properties": {"rank": 583, "name": "Nna Rd 36-Ne Pit #86", "operator": "Grant County Public Works", "county": "Grant", "acres": 80.0, "depth_ft": 75.0, "commodity": "Rock and Stone", "ground": "bedrock or older", "tier": 3, "unit": "Miocene Columbia River Basalt Group, Wanapum Basalt", "km_to_find": 6.0}}, {"type": "Feature", "geometry": {"type": "Point", "coordinates": [-117.59834, 47.01264]}, "properties": {"rank": 584, "name": "Repp Quarry", "operator": "Whitman County Public Works", "county": "Whitman", "acres": 30.79, "depth_ft": 156.0, "commodity": "Rock and Stone", "ground": "bedrock or older", "tier": 3, "unit": "Miocene Columbia River Basalt Group, Wanapum Basalt", "km_to_find": 21.8}}, {"type": "Feature", "geometry": {"type": "Point", "coordinates": [-117.34295, 47.64723]}, "properties": {"rank": 585, "name": "Havana Quarry", "operator": "Spokane Conservation District", "county": "Spokane", "acres": 50.0, "depth_ft": 100.0, "commodity": "Sand and Gravel", "ground": "bedrock or older", "tier": 3, "unit": "Precambrian heterogeneous metamorphic rocks", "km_to_find": 24.8}}, {"type": "Feature", "geometry": {"type": "Point", "coordinates": [-120.79584, 46.6863]}, "properties": {"rank": 586, "name": "Humphrey Pit", "operator": "Reclaim Company", "county": "Yakima", "acres": 22.3, "depth_ft": 200.0, "commodity": "Sand and Gravel", "ground": "bedrock or older", "tier": 3, "unit": "Miocene Columbia River Basalt Group, Grande Ronde Basalt", "km_to_find": 20.7}}, {"type": "Feature", "geometry": {"type": "Point", "coordinates": [-117.30649, 47.37958]}, "properties": {"rank": 587, "name": "Liberty Pit", "operator": "Shawnee Rock Inc", "county": "Spokane", "acres": 66.0, "depth_ft": 60.0, "commodity": "Rock and Stone", "ground": "bedrock or older", "tier": 3, "unit": "Miocene Columbia River Basalt Group, Wanapum Basalt", "km_to_find": 22.7}}, {"type": "Feature", "geometry": {"type": "Point", "coordinates": [-120.31467, 47.49682]}, "properties": {"rank": 588, "name": "Ram Ridge", "operator": "Ram Ridge Llc", "county": "Chelan", "acres": 28.5, "depth_ft": 110.0, "commodity": "Sand and Gravel", "ground": "bedrock or older", "tier": 3, "unit": "Precambrian heterogeneous metamorphic rocks", "km_to_find": 17.5}}, {"type": "Feature", "geometry": {"type": "Point", "coordinates": [-118.5602, 46.98278]}, "properties": {"rank": 589, "name": "Qs-Ad-74 Lind North", "operator": "Dot - Dept Of Transportation", "county": "Adams", "acres": 36.230000000000004, "depth_ft": 90.0, "commodity": "Rock and Stone", "ground": "bedrock or older", "tier": 3, "unit": "Miocene Columbia River Basalt Group, Wanapum Basalt", "km_to_find": 5.0}}, {"type": "Feature", "geometry": {"type": "Point", "coordinates": [-118.57537, 47.11146]}, "properties": {"rank": 590, "name": "Becker", "operator": "Central Washington Asphalt Inc", "county": "Adams", "acres": 38.0, "depth_ft": 75.0, "commodity": "Rock and Stone", "ground": "bedrock or older", "tier": 3, "unit": "Miocene Columbia River Basalt Group, Wanapum Basalt", "km_to_find": 13.6}}, {"type": "Feature", "geometry": {"type": "Point", "coordinates": [-117.75032, 47.46062]}, "properties": {"rank": 591, "name": "Qs-C-252 Deep Lake", "operator": "Dot - Dept Of Transportation", "county": "Spokane", "acres": 51.0, "depth_ft": 42.0, "commodity": "Rock and Stone", "ground": "bedrock or older", "tier": 3, "unit": "Miocene Columbia River Basalt Group, Wanapum Basalt", "km_to_find": 14.0}}, {"type": "Feature", "geometry": {"type": "Point", "coordinates": [-120.82447, 46.75988]}, "properties": {"rank": 592, "name": "Yakima County Section 27 Reclamation", "operator": "Hbq Inc", "county": "Yakima", "acres": 4.6000000000000005, "depth_ft": 140.0, "commodity": "Rock and Stone", "ground": "bedrock or older", "tier": 3, "unit": "Miocene Columbia River Basalt Group, Grande Ronde Basalt", "km_to_find": 13.1}}, {"type": "Feature", "geometry": {"type": "Point", "coordinates": [-122.92066, 48.64273]}, "properties": {"rank": 593, "name": "Sea Island Shale Pit", "operator": "Sea Island Corp", "county": "San Juan", "acres": 26.0, "depth_ft": 60.0, "commodity": "Rock and Stone", "ground": "bedrock or older", "tier": 3, "unit": "Paleozoic-Precambrian intrusive rocks", "km_to_find": 3.9}}, {"type": "Feature", "geometry": {"type": "Point", "coordinates": [-118.98188, 48.95043]}, "properties": {"rank": 594, "name": "Buckhorn Mt Project/Gold Mine", "operator": "Crown Resources Corporation", "county": "Okanogan", "acres": 294.0, "depth_ft": 550.0, "commodity": "Metals", "ground": "bedrock or older", "tier": 3, "unit": "Mesozoic-Paleozoic heterogeneous metamorphic rocks", "km_to_find": 150.8}}, {"type": "Feature", "geometry": {"type": "Point", "coordinates": [-121.96497, 47.81716]}, "properties": {"rank": 595, "name": "Monroe Quarry", "operator": "Cadman Materials, Inc.", "county": "Snohomish", "acres": 471.0, "depth_ft": 380.0, "commodity": "Rock and Stone", "ground": "bedrock or older", "tier": 3, "unit": "Tertiary volcanic rocks", "km_to_find": 53.3}}, {"type": "Feature", "geometry": {"type": "Point", "coordinates": [-122.81342, 46.72847]}, "properties": {"rank": 596, "name": "Wa-0001E/Centralia Coal Mine", "operator": "Transalta Centralia Mining Llc", "county": "Lewis", "acres": 14450.0, "depth_ft": 340.0, "commodity": "Coal", "ground": "bedrock or older", "tier": 3, "unit": "Tertiary sedimentary rocks and deposits", "km_to_find": 98.2}}, {"type": "Feature", "geometry": {"type": "Point", "coordinates": [-117.87206, 48.15421]}, "properties": {"rank": 597, "name": "South Pit", "operator": "Lane Mt Silica Co", "county": "Stevens", "acres": 242.3, "depth_ft": 530.0, "commodity": "Silica", "ground": "bedrock or older", "tier": 3, "unit": "Paleozoic metasedimentary rocks", "km_to_find": 78.0}}, {"type": "Feature", "geometry": {"type": "Point", "coordinates": [-118.96974, 48.78573]}, "properties": {"rank": 598, "name": "Wauconda", "operator": "Columbia River Carbonates", "county": "Okanogan", "acres": 277.0, "depth_ft": 355.0, "commodity": "Limestone", "ground": "bedrock or older", "tier": 3, "unit": "pre-Tertiary metasedimentary rocks", "km_to_find": 132.8}}, {"type": "Feature", "geometry": {"type": "Point", "coordinates": [-122.02822, 47.8483]}, "properties": {"rank": 599, "name": "Monroe", "operator": "Aaa Monroe Rock Corp", "county": "Snohomish", "acres": 304.0, "depth_ft": 344.0, "commodity": "Rock and Stone", "ground": "bedrock or older", "tier": 3, "unit": "Tertiary volcanic rocks", "km_to_find": 50.9}}, {"type": "Feature", "geometry": {"type": "Point", "coordinates": [-121.94267, 48.08931]}, "properties": {"rank": 600, "name": "Iron Mountain Quarry", "operator": "Iron Mountain Quarry Llc", "county": "Snohomish", "acres": 205.0, "depth_ft": 525.0, "commodity": "Rock and Stone", "ground": "bedrock or older", "tier": 3, "unit": "Mesozoic metasedimentary rocks", "km_to_find": 60.8}}, {"type": "Feature", "geometry": {"type": "Point", "coordinates": [-120.60048, 46.95793]}, "properties": {"rank": 601, "name": "Stone Quarry Canyon", "operator": "Ellensburg Cement Products Inc", "county": "Kittitas", "acres": 20.0, "depth_ft": 60.0, "commodity": "Sand and Gravel", "ground": "bedrock or older", "tier": 3, "unit": "Miocene Columbia River Basalt Group, Grande Ronde Basalt", "km_to_find": 16.2}}, {"type": "Feature", "geometry": {"type": "Point", "coordinates": [-117.3586, 47.48684]}, "properties": {"rank": 602, "name": "Beyers Quarry 33-15", "operator": "Spokane County Public Works", "county": "Spokane", "acres": 24.0, "depth_ft": 50.0, "commodity": "Rock and Stone", "ground": "bedrock or older", "tier": 3, "unit": "Miocene Columbia River Basalt Group, Wanapum Basalt", "km_to_find": 15.6}}, {"type": "Feature", "geometry": {"type": "Point", "coordinates": [-122.19843, 46.98124]}, "properties": {"rank": 603, "name": "Kapowsin", "operator": "Washington Rock Quarries Inc", "county": "Pierce", "acres": 145.0, "depth_ft": 450.0, "commodity": "Sand and Gravel", "ground": "bedrock or older", "tier": 3, "unit": "Tertiary intrusive rocks", "km_to_find": 75.2}}, {"type": "Feature", "geometry": {"type": "Point", "coordinates": [-120.56805, 46.92753]}, "properties": {"rank": 604, "name": "Thayer Rock", "operator": "Riverbottom Rock", "county": "Kittitas", "acres": 18.0, "depth_ft": 60.0, "commodity": "Rock and Stone", "ground": "bedrock or older", "tier": 3, "unit": "Miocene Columbia River Basalt Group, Grande Ronde Basalt", "km_to_find": 16.8}}, {"type": "Feature", "geometry": {"type": "Point", "coordinates": [-117.74033, 47.16631]}, "properties": {"rank": 605, "name": "Glorfield/Eaton Lake", "operator": "Whitman County Public Works", "county": "Whitman", "acres": 14.950000000000001, "depth_ft": 65.0, "commodity": "Rock and Stone", "ground": "bedrock or older", "tier": 3, "unit": "Miocene Columbia River Basalt Group, Wanapum Basalt", "km_to_find": 16.9}}, {"type": "Feature", "geometry": {"type": "Point", "coordinates": [-122.45293, 45.85808]}, "properties": {"rank": 606, "name": "Yacolt Mt Quarry", "operator": "J L Storedahl & Sons Inc", "county": "Clark", "acres": 135.0, "depth_ft": 500.0, "commodity": "Rock and Stone", "ground": "bedrock or older", "tier": 3, "unit": "Tertiary volcanic rocks", "km_to_find": 171.2}}, {"type": "Feature", "geometry": {"type": "Point", "coordinates": [-122.08114, 48.96403]}, "properties": {"rank": 607, "name": "Clauson Lime Co", "operator": "Aggregate Industries Pacific Nw Inc", "county": "Whatcom", "acres": 176.04, "depth_ft": 300.0, "commodity": "Limestone", "ground": "bedrock or older", "tier": 3, "unit": "Paleozoic metasedimentary rocks", "km_to_find": 73.6}}, {"type": "Feature", "geometry": {"type": "Point", "coordinates": [-119.44683, 47.72806]}, "properties": {"rank": 608, "name": "St Andrews Do-182", "operator": "Douglas County Tls", "county": "Douglas", "acres": 28.5, "depth_ft": 35.0, "commodity": "Sand and Gravel", "ground": "bedrock or older", "tier": 3, "unit": "Miocene Columbia River Basalt Group, Wanapum Basalt", "km_to_find": 19.2}}, {"type": "Feature", "geometry": {"type": "Point", "coordinates": [-117.27238, 47.52756]}, "properties": {"rank": 609, "name": "Connor Quarry 44-32", "operator": "Spokane County Public Works", "county": "Spokane", "acres": 10.5, "depth_ft": 75.0, "commodity": "Rock and Stone", "ground": "bedrock or older", "tier": 3, "unit": "Miocene Columbia River Basalt Group, Wanapum Basalt", "km_to_find": 22.6}}, {"type": "Feature", "geometry": {"type": "Point", "coordinates": [-123.81078, 46.89401]}, "properties": {"rank": 610, "name": "Newskah Quarry", "operator": "Northwest Rock Inc", "county": "Grays Harbor", "acres": 135.27, "depth_ft": 350.0, "commodity": "Rock and Stone", "ground": "bedrock or older", "tier": 3, "unit": "Miocene Columbia River Basalt Group, Grande Ronde Basalt", "km_to_find": 120.5}}, {"type": "Feature", "geometry": {"type": "Point", "coordinates": [-123.19958, 47.1063]}, "properties": {"rank": 611, "name": "Skookum", "operator": "Port Blakely Tree Farms", "county": "Mason", "acres": 150.0, "depth_ft": 300.0, "commodity": "Rock and Stone", "ground": "bedrock or older", "tier": 3, "unit": "Eocene Crescent Formation, volcanic rocks", "km_to_find": 71.1}}, {"type": "Feature", "geometry": {"type": "Point", "coordinates": [-121.71668, 48.5512]}, "properties": {"rank": 612, "name": "Concrete", "operator": "Glacier Nw/Dba Calportland", "county": "Skagit", "acres": 125.0, "depth_ft": 400.0, "commodity": "Dolomite", "ground": "bedrock or older", "tier": 3, "unit": "Paleozoic metasedimentary rocks", "km_to_find": 89.3}}, {"type": "Feature", "geometry": {"type": "Point", "coordinates": [-122.92024, 48.64062]}, "properties": {"rank": 613, "name": "Mountain Crest", "operator": "John D Thompson", "county": "San Juan", "acres": 1.93, "depth_ft": 85.0, "commodity": "Rock and Stone", "ground": "bedrock or older", "tier": 3, "unit": "Mesozoic sedimentary rocks and deposits", "km_to_find": 3.7}}, {"type": "Feature", "geometry": {"type": "Point", "coordinates": [-121.93897, 48.09357]}, "properties": {"rank": 614, "name": "Granite Falls", "operator": "Iron Mountain Quarry Llc", "county": "Snohomish", "acres": 115.0, "depth_ft": 525.0, "commodity": "Rock and Stone", "ground": "bedrock or older", "tier": 3, "unit": "Mesozoic metasedimentary rocks", "km_to_find": 61.1}}, {"type": "Feature", "geometry": {"type": "Point", "coordinates": [-117.8718, 48.17359]}, "properties": {"rank": 615, "name": "North Pit", "operator": "Lane Mt Silica Co", "county": "Stevens", "acres": 140.0, "depth_ft": 300.0, "commodity": "Silica", "ground": "bedrock or older", "tier": 3, "unit": "Paleozoic metasedimentary rocks", "km_to_find": 80.1}}, {"type": "Feature", "geometry": {"type": "Point", "coordinates": [-117.77487, 48.3145]}, "properties": {"rank": 616, "name": "Black Rock", "operator": "Black Rock Materials Llc", "county": "Stevens", "acres": 102.61, "depth_ft": 403.0, "commodity": "Sand and Gravel", "ground": "bedrock or older", "tier": 3, "unit": "Precambrian metasedimentary rocks", "km_to_find": 93.7}}, {"type": "Feature", "geometry": {"type": "Point", "coordinates": [-119.51653, 48.79771]}, "properties": {"rank": 617, "name": "Spectacle Lk", "operator": "Pacific Calcium Inc", "county": "Okanogan", "acres": 228.0, "depth_ft": 200.0, "commodity": "Limestone", "ground": "bedrock or older", "tier": 3, "unit": "Paleozoic metasedimentary rocks", "km_to_find": 133.7}}, {"type": "Feature", "geometry": {"type": "Point", "coordinates": [-117.36011, 47.29279]}, "properties": {"rank": 618, "name": "North Pine 13-22", "operator": "Spokane County Public Works", "county": "Spokane", "acres": 20.0, "depth_ft": 40.0, "commodity": "Rock and Stone", "ground": "bedrock or older", "tier": 3, "unit": "Miocene Columbia River Basalt Group, Wanapum Basalt", "km_to_find": 15.9}}, {"type": "Feature", "geometry": {"type": "Point", "coordinates": [-123.0378, 46.18387]}, "properties": {"rank": 619, "name": "Coal Creek", "operator": "J L Storedahl & Sons Inc", "county": "Cowlitz", "acres": 132.0, "depth_ft": 230.0, "commodity": "Rock and Stone", "ground": "bedrock or older", "tier": 3, "unit": "Tertiary sedimentary rocks and deposits", "km_to_find": 160.9}}, {"type": "Feature", "geometry": {"type": "Point", "coordinates": [-117.85159, 47.38451]}, "properties": {"rank": 620, "name": "Qs-T-64 Ames Lake", "operator": "Dot - Dept Of Transportation", "county": "Lincoln", "acres": 22.0, "depth_ft": 35.0, "commodity": "Rock and Stone", "ground": "bedrock or older", "tier": 3, "unit": "Miocene Columbia River Basalt Group, Wanapum Basalt", "km_to_find": 24.1}}, {"type": "Feature", "geometry": {"type": "Point", "coordinates": [-123.08606, 48.56868]}, "properties": {"rank": 621, "name": "Egg Lake Quarry", "operator": "Egg Lake Quarry Llc", "county": "San Juan", "acres": 10.1, "depth_ft": 60.0, "commodity": "Rock and Stone", "ground": "bedrock or older", "tier": 3, "unit": "Mesozoic metasedimentary rocks", "km_to_find": 8.3}}, {"type": "Feature", "geometry": {"type": "Point", "coordinates": [-122.12074, 48.95667]}, "properties": {"rank": 622, "name": "Kendall Quarry", "operator": "Lehigh Northwest Cement Co", "county": "Whatcom", "acres": 100.0, "depth_ft": 300.0, "commodity": "Limestone", "ground": "bedrock or older", "tier": 3, "unit": "Paleozoic metasedimentary rocks", "km_to_find": 70.7}}, {"type": "Feature", "geometry": {"type": "Point", "coordinates": [-122.83962, 46.04994]}, "properties": {"rank": 623, "name": "Kalama Quarry", "operator": "Lloyd & Netta Groat", "county": "Cowlitz", "acres": 115.0, "depth_ft": 228.0, "commodity": "Rock and Stone", "ground": "bedrock or older", "tier": 3, "unit": "Tertiary volcanic rocks", "km_to_find": 173.3}}, {"type": "Feature", "geometry": {"type": "Point", "coordinates": [-118.33735, 47.1457]}, "properties": {"rank": 624, "name": "Wellsandt-Danekas", "operator": "Copenhaver Construction Inc", "county": "Adams", "acres": 22.7, "depth_ft": 30.0, "commodity": "Rock and Stone", "ground": "bedrock or older", "tier": 3, "unit": "Miocene Columbia River Basalt Group, Wanapum Basalt", "km_to_find": 20.4}}, {"type": "Feature", "geometry": {"type": "Point", "coordinates": [-123.17263, 47.09371]}, "properties": {"rank": 625, "name": "Hwy 108 Rock Quarry", "operator": "Port Blakely Tree Farms Lp", "county": "Mason", "acres": 110.5, "depth_ft": 230.0, "commodity": "Rock and Stone", "ground": "bedrock or older", "tier": 3, "unit": "Eocene Crescent Formation, volcanic rocks", "km_to_find": 70.9}}, {"type": "Feature", "geometry": {"type": "Point", "coordinates": [-117.21001, 47.56649]}, "properties": {"rank": 626, "name": "Mica Plant & Mine", "operator": "Mutual Materials Co", "county": "Spokane", "acres": 224.0, "depth_ft": 160.0, "commodity": "Clay", "ground": "bedrock or older", "tier": 3, "unit": "Precambrian heterogeneous metamorphic rocks", "km_to_find": 28.3}}, {"type": "Feature", "geometry": {"type": "Point", "coordinates": [-119.93919, 47.87536]}, "properties": {"rank": 627, "name": "Howard Flats", "operator": "Chelan Sand & Gravel Llc", "county": "Chelan", "acres": 91.0, "depth_ft": 285.0, "commodity": "Sand and Gravel", "ground": "bedrock or older", "tier": 3, "unit": "Mesozoic metamorphic and igneous rocks", "km_to_find": 55.7}}, {"type": "Feature", "geometry": {"type": "Point", "coordinates": [-122.02484, 46.54568]}, "properties": {"rank": 628, "name": "Justice Quarry", "operator": "Albert Justice", "county": "Lewis", "acres": 76.0, "depth_ft": 366.0, "commodity": "Rock and Stone", "ground": "bedrock or older", "tier": 3, "unit": "Tertiary volcanic rocks", "km_to_find": 102.1}}, {"type": "Feature", "geometry": {"type": "Point", "coordinates": [-122.84309, 46.13434]}, "properties": {"rank": 629, "name": "Coweeman", "operator": "Derosier Trucking", "county": "Cowlitz", "acres": 70.56, "depth_ft": 500.0, "commodity": "Rock and Stone", "ground": "bedrock or older", "tier": 3, "unit": "Tertiary fragmental volcanic rocks and deposits (includes lahars)", "km_to_find": 164.0}}, {"type": "Feature", "geometry": {"type": "Point", "coordinates": [-120.46705, 46.52396]}, "properties": {"rank": 630, "name": "Anderson Quarry", "operator": "Interstate Concrete & Asphalt", "county": "Yakima", "acres": 100.0, "depth_ft": 240.0, "commodity": "Rock and Stone", "ground": "bedrock or older", "tier": 3, "unit": "Miocene Columbia River Basalt Group, Saddle Mountains Basalt", "km_to_find": 45.2}}, {"type": "Feature", "geometry": {"type": "Point", "coordinates": [-123.39599, 46.27242]}, "properties": {"rank": 631, "name": "Alger Creek", "operator": "Jerry Debriae", "county": "Wahkiakum", "acres": 85.0, "depth_ft": 280.0, "commodity": "Rock and Stone", "ground": "bedrock or older", "tier": 3, "unit": "Miocene Columbia River Basalt Group, Wanapum Basalt", "km_to_find": 159.5}}, {"type": "Feature", "geometry": {"type": "Point", "coordinates": [-118.9027, 46.05194]}, "properties": {"rank": 632, "name": "Circle C Quarry", "operator": "Circle C Quarry", "county": "Walla Walla", "acres": 90.5, "depth_ft": 250.0, "commodity": "Rock and Stone", "ground": "bedrock or older", "tier": 3, "unit": "Miocene Columbia River Basalt Group, Wanapum Basalt", "km_to_find": 109.8}}, {"type": "Feature", "geometry": {"type": "Point", "coordinates": [-122.82448, 46.3479]}, "properties": {"rank": 633, "name": "Phipps Quarry", "operator": "J L Storedahl & Sons Inc", "county": "Cowlitz", "acres": 178.0, "depth_ft": 150.0, "commodity": "Rock and Stone", "ground": "bedrock or older", "tier": 3, "unit": "Tertiary volcanic rocks", "km_to_find": 140.3}}, {"type": "Feature", "geometry": {"type": "Point", "coordinates": [-123.08913, 46.18808]}, "properties": {"rank": 634, "name": "Alder Bluff Quarry", "operator": "Weyerhaeuser Timber Holdings Inc", "county": "Cowlitz", "acres": 67.68, "depth_ft": 400.0, "commodity": "Rock and Stone", "ground": "bedrock or older", "tier": 3, "unit": "Miocene Columbia River Basalt Group, Grande Ronde Basalt", "km_to_find": 161.3}}, {"type": "Feature", "geometry": {"type": "Point", "coordinates": [-118.0464, 48.78326]}, "properties": {"rank": 635, "name": "Kelly Hill Quarry", "operator": "White Stone Calcium Inc", "county": "Stevens", "acres": 80.0, "depth_ft": 261.0, "commodity": "Rock and Stone", "ground": "bedrock or older", "tier": 3, "unit": "Paleozoic metasedimentary rocks", "km_to_find": 148.9}}, {"type": "Feature", "geometry": {"type": "Point", "coordinates": [-123.7836, 46.38447]}, "properties": {"rank": 636, "name": "Naselle Quarry", "operator": "Naselle Rock & Asphalt Co", "county": "Pacific", "acres": 61.9, "depth_ft": 600.0, "commodity": "Rock and Stone", "ground": "bedrock or older", "tier": 3, "unit": "Miocene Columbia River Basalt Group, Grande Ronde Basalt", "km_to_find": 162.3}}, {"type": "Feature", "geometry": {"type": "Point", "coordinates": [-118.92867, 46.61763]}, "properties": {"rank": 637, "name": "Cactus Quarry", "operator": "Eagle Rock Quarry Inc", "county": "Franklin", "acres": 87.9, "depth_ft": 240.0, "commodity": "Rock and Stone", "ground": "bedrock or older", "tier": 3, "unit": "Miocene Columbia River Basalt Group, Saddle Mountains Basalt", "km_to_find": 53.6}}, {"type": "Feature", "geometry": {"type": "Point", "coordinates": [-122.71176, 47.8853]}, "properties": {"rank": 638, "name": "New Shine Quarry", "operator": "New Shine Quarry Llc", "county": "Jefferson", "acres": 142.0, "depth_ft": 160.0, "commodity": "Rock and Stone", "ground": "bedrock or older", "tier": 3, "unit": "Eocene Crescent Formation, volcanic rocks", "km_to_find": 26.0}}, {"type": "Feature", "geometry": {"type": "Point", "coordinates": [-119.36007, 46.94939]}, "properties": {"rank": 639, "name": "Frenchman Hills Quarry", "operator": "Segale Properties Llc", "county": "Grant", "acres": 640.0, "depth_ft": 116.0, "commodity": "Rock and Stone", "ground": "bedrock or older", "tier": 3, "unit": "Miocene Columbia River Basalt Group, Saddle Mountains Basalt", "km_to_find": 65.5}}, {"type": "Feature", "geometry": {"type": "Point", "coordinates": [-121.82706, 47.16621]}, "properties": {"rank": 640, "name": "Scattercreek Quarry", "operator": "James Hardie Building Products", "county": "King", "acres": 86.0, "depth_ft": 220.0, "commodity": "Silica", "ground": "bedrock or older", "tier": 3, "unit": "Tertiary volcanic rocks", "km_to_find": 75.6}}, {"type": "Feature", "geometry": {"type": "Point", "coordinates": [-123.92134, 46.27104]}, "properties": {"rank": 641, "name": "Chinook", "operator": "Naselle Rock & Asphalt Co", "county": "Pacific", "acres": 70.5, "depth_ft": 290.0, "commodity": "Rock and Stone", "ground": "bedrock or older", "tier": 3, "unit": "Eocene Crescent Formation, volcanic rocks", "km_to_find": 178.6}}, {"type": "Feature", "geometry": {"type": "Point", "coordinates": [-117.70176, 46.86488]}, "properties": {"rank": 642, "name": "Morasch", "operator": "Whitman County Public Works", "county": "Whitman", "acres": 6.84, "depth_ft": 50.0, "commodity": "Rock and Stone", "ground": "bedrock or older", "tier": 3, "unit": "Miocene Columbia River Basalt Group, Wanapum Basalt", "km_to_find": 17.7}}, {"type": "Feature", "geometry": {"type": "Point", "coordinates": [-122.90817, 47.81515]}, "properties": {"rank": 643, "name": "Penny Creek", "operator": "Jjc Resources Llc", "county": "Jefferson", "acres": 54.0, "depth_ft": 620.0, "commodity": "Rock and Stone", "ground": "bedrock or older", "tier": 3, "unit": "Eocene Crescent Formation, volcanic rocks", "km_to_find": 30.4}}, {"type": "Feature", "geometry": {"type": "Point", "coordinates": [-122.76104, 46.71085]}, "properties": {"rank": 644, "name": "Meridian Hill", "operator": "Alco Holdings Llc", "county": "Lewis", "acres": 64.0, "depth_ft": 300.0, "commodity": "Rock and Stone", "ground": "bedrock or older", "tier": 3, "unit": "Tertiary volcanic rocks", "km_to_find": 99.6}}, {"type": "Feature", "geometry": {"type": "Point", "coordinates": [-118.83919, 48.76065]}, "properties": {"rank": 645, "name": "Silver Bell", "operator": "Manhattan Minerals Inc", "county": "Okanogan", "acres": 80.0, "depth_ft": 210.0, "commodity": "Metals", "ground": "bedrock or older", "tier": 3, "unit": "Tertiary volcanic rocks", "km_to_find": 132.0}}, {"type": "Feature", "geometry": {"type": "Point", "coordinates": [-120.1279, 46.32337]}, "properties": {"rank": 646, "name": "O L Luther Pit", "operator": "O L Luther Co Inc", "county": "Yakima", "acres": 143.0, "depth_ft": 140.0, "commodity": "Sand and Gravel", "ground": "bedrock or older", "tier": 3, "unit": "Tertiary sedimentary rocks and deposits", "km_to_find": 78.4}}, {"type": "Feature", "geometry": {"type": "Point", "coordinates": [-122.65537, 46.7939]}, "properties": {"rank": 647, "name": "Columbia Vail Quarry Llc", "operator": "Columbia Vail Quarry Llc", "county": "Thurston", "acres": 53.7, "depth_ft": 440.0, "commodity": "Rock and Stone", "ground": "bedrock or older", "tier": 3, "unit": "Tertiary volcanic rocks", "km_to_find": 89.7}}, {"type": "Feature", "geometry": {"type": "Point", "coordinates": [-123.69878, 46.85953]}, "properties": {"rank": 648, "name": "Rock Crusher Hill", "operator": "Northwest Rock Inc", "county": "Grays Harbor", "acres": 67.5, "depth_ft": 252.0, "commodity": "Rock and Stone", "ground": "bedrock or older", "tier": 3, "unit": "Miocene Columbia River Basalt Group, Grande Ronde Basalt", "km_to_find": 116.9}}, {"type": "Feature", "geometry": {"type": "Point", "coordinates": [-122.86075, 46.12091]}, "properties": {"rank": 649, "name": "Carrolls Pit", "operator": "J L Storedahl & Sons Inc", "county": "Cowlitz", "acres": 106.4, "depth_ft": 165.0, "commodity": "Rock and Stone", "ground": "bedrock or older", "tier": 3, "unit": "Tertiary volcanic rocks", "km_to_find": 165.7}}, {"type": "Feature", "geometry": {"type": "Point", "coordinates": [-123.01312, 46.15127]}, "properties": {"rank": 650, "name": "Mt Solo", "operator": "3 B'S Land & Gravel Llc", "county": "Cowlitz", "acres": 70.21000000000001, "depth_ft": 240.0, "commodity": "Rock and Stone", "ground": "bedrock or older", "tier": 3, "unit": "Tertiary volcanic rocks", "km_to_find": 164.1}}, {"type": "Feature", "geometry": {"type": "Point", "coordinates": [-123.71925, 47.20565]}, "properties": {"rank": 651, "name": "Wishkah Quarry", "operator": "Wishkah Rock Products Inc", "county": "Grays Harbor", "acres": 87.86, "depth_ft": 185.0, "commodity": "Rock and Stone", "ground": "bedrock or older", "tier": 3, "unit": "Eocene Crescent Formation, volcanic rocks", "km_to_find": 95.0}}, {"type": "Feature", "geometry": {"type": "Point", "coordinates": [-119.58824, 46.85889]}, "properties": {"rank": 652, "name": "Red Rock Coulee #79", "operator": "Grant County Public Works", "county": "Grant", "acres": 123.64, "depth_ft": 140.0, "commodity": "Sand and Gravel", "ground": "bedrock or older", "tier": 3, "unit": "Miocene Columbia River Basalt Group, Saddle Mountains Basalt", "km_to_find": 84.1}}, {"type": "Feature", "geometry": {"type": "Point", "coordinates": [-119.70002, 45.88768]}, "properties": {"rank": 653, "name": "Whitcomb Quarry", "operator": "Interstate Concrete & Asphalt", "county": "Benton", "acres": 112.0, "depth_ft": 150.0, "commodity": "Rock and Stone", "ground": "bedrock or older", "tier": 3, "unit": "Miocene Columbia River Basalt Group, Saddle Mountains Basalt", "km_to_find": 136.9}}, {"type": "Feature", "geometry": {"type": "Point", "coordinates": [-122.96365, 47.01631]}, "properties": {"rank": 654, "name": "Black Lake Quarry", "operator": "Black Lake Quarry Llc", "county": "Thurston", "acres": 102.0, "depth_ft": 160.0, "commodity": "Rock and Stone", "ground": "bedrock or older", "tier": 3, "unit": "Eocene Crescent Formation, volcanic rocks", "km_to_find": 70.5}}, {"type": "Feature", "geometry": {"type": "Point", "coordinates": [-117.31309, 47.38805]}, "properties": {"rank": 655, "name": "Clausen 23-24", "operator": "Spokane Co Public Works", "county": "Spokane", "acres": 12.0, "depth_ft": 35.0, "commodity": "Rock and Stone", "ground": "bedrock or older", "tier": 3, "unit": "Miocene Columbia River Basalt Group, Wanapum Basalt", "km_to_find": 21.8}}, {"type": "Feature", "geometry": {"type": "Point", "coordinates": [-117.70514, 46.4654]}, "properties": {"rank": 656, "name": "Qs-Ga-68 Dixon Quarry", "operator": "Dot - Dept Of Transportation", "county": "Garfield", "acres": 50.0, "depth_ft": 350.0, "commodity": "Rock and Stone", "ground": "bedrock or older", "tier": 3, "unit": "Miocene Columbia River Basalt Group, Grande Ronde Basalt", "km_to_find": 26.8}}, {"type": "Feature", "geometry": {"type": "Point", "coordinates": [-123.77956, 46.69023]}, "properties": {"rank": 657, "name": "Hawk'S Superior Rock", "operator": "Hawks Superior Rock", "county": "Pacific", "acres": 48.0, "depth_ft": 400.0, "commodity": "Rock and Stone", "ground": "bedrock or older", "tier": 3, "unit": "Eocene Crescent Formation, volcanic rocks", "km_to_find": 134.9}}, {"type": "Feature", "geometry": {"type": "Point", "coordinates": [-122.95881, 46.53393]}, "properties": {"rank": 658, "name": "Good Quarry", "operator": "Good Crushing Inc", "county": "Lewis", "acres": 141.8, "depth_ft": 120.0, "commodity": "Rock and Stone", "ground": "bedrock or older", "tier": 3, "unit": "Miocene Columbia River Basalt Group, Grande Ronde Basalt", "km_to_find": 121.6}}, {"type": "Feature", "geometry": {"type": "Point", "coordinates": [-122.7206, 45.89005]}, "properties": {"rank": 659, "name": "Woodland Pit", "operator": "J L Storedahl & Sons Inc", "county": "Clark", "acres": 79.29, "depth_ft": 180.0, "commodity": "Rock and Stone", "ground": "bedrock or older", "tier": 3, "unit": "Tertiary volcanic rocks", "km_to_find": 185.0}}, {"type": "Feature", "geometry": {"type": "Point", "coordinates": [-118.57664, 46.96071]}, "properties": {"rank": 660, "name": "East Lind 24 Qs", "operator": "Adams County Public Works", "county": "Adams", "acres": 6.9, "depth_ft": 40.0, "commodity": "Rock and Stone", "ground": "bedrock or older", "tier": 3, "unit": "Miocene Columbia River Basalt Group, Wanapum Basalt", "km_to_find": 7.3}}, {"type": "Feature", "geometry": {"type": "Point", "coordinates": [-121.92619, 47.17582]}, "properties": {"rank": 661, "name": "White River", "operator": "Northwest Aggregates Co", "county": "King", "acres": 65.0, "depth_ft": 200.0, "commodity": "Rock and Stone", "ground": "bedrock or older", "tier": 3, "unit": "Tertiary volcanic rocks", "km_to_find": 69.3}}, {"type": "Feature", "geometry": {"type": "Point", "coordinates": [-123.7661, 46.27481]}, "properties": {"rank": 662, "name": "Lodestone Quarry", "operator": "Lodestone Quarry Inc", "county": "Pacific", "acres": 64.0, "depth_ft": 200.0, "commodity": "Rock and Stone", "ground": "bedrock or older", "tier": 3, "unit": "Tertiary sedimentary rocks and deposits", "km_to_find": 171.9}}, {"type": "Feature", "geometry": {"type": "Point", "coordinates": [-120.50703, 46.64423]}, "properties": {"rank": 663, "name": "Rowley Borrow Site", "operator": "Granite Construction Co (East)", "county": "Yakima", "acres": 62.01, "depth_ft": 200.0, "commodity": "Rock and Stone", "ground": "bedrock or older", "tier": 3, "unit": "Miocene Columbia River Basalt Group, Wanapum Basalt", "km_to_find": 32.4}}, {"type": "Feature", "geometry": {"type": "Point", "coordinates": [-119.59459, 48.4875]}, "properties": {"rank": 664, "name": "Haeberle Ranch Inc", "operator": "Haeberle Ranch Inc", "county": "Okanogan", "acres": 50.0, "depth_ft": 280.0, "commodity": "Rock and Stone", "ground": "bedrock or older", "tier": 3, "unit": "pre-Tertiary heterogeneous metamorphic rocks", "km_to_find": 100.9}}, {"type": "Feature", "geometry": {"type": "Point", "coordinates": [-122.27526, 48.86327]}, "properties": {"rank": 665, "name": "Goodwin Quarry", "operator": "Siper Quarry Llc", "county": "Whatcom", "acres": 75.2, "depth_ft": 170.0, "commodity": "Rock and Stone", "ground": "bedrock or older", "tier": 3, "unit": "Paleozoic heterogeneous metamorphic rocks", "km_to_find": 55.6}}, {"type": "Feature", "geometry": {"type": "Point", "coordinates": [-121.91895, 47.17985]}, "properties": {"rank": 666, "name": "410 Quarry", "operator": "Foxx Creek Llc", "county": "King", "acres": 40.230000000000004, "depth_ft": 402.0, "commodity": "Rock and Stone", "ground": "bedrock or older", "tier": 3, "unit": "Tertiary volcanic rocks", "km_to_find": 69.4}}, {"type": "Feature", "geometry": {"type": "Point", "coordinates": [-121.90532, 47.54812]}, "properties": {"rank": 667, "name": "Raging River Quarry", "operator": "Raging River Mining Inc", "county": "King", "acres": 51.300000000000004, "depth_ft": 250.0, "commodity": "Rock and Stone", "ground": "bedrock or older", "tier": 3, "unit": "Tertiary fragmental volcanic rocks and deposits (includes lahars)", "km_to_find": 52.4}}, {"type": "Feature", "geometry": {"type": "Point", "coordinates": [-117.09108, 46.72889]}, "properties": {"rank": 668, "name": "Aitley Quarry", "operator": "Motley & Motley Inc", "county": "Whitman", "acres": 91.0, "depth_ft": 140.0, "commodity": "Rock and Stone", "ground": "bedrock or older", "tier": 3, "unit": "Miocene Columbia River Basalt Group, Wanapum Basalt", "km_to_find": 45.8}}, {"type": "Feature", "geometry": {"type": "Point", "coordinates": [-121.86672, 47.89614]}, "properties": {"rank": 669, "name": "Woods Creek Quarry", "operator": "Lakeside Industries Inc", "county": "Snohomish", "acres": 101.60000000000001, "depth_ft": 127.0, "commodity": "Rock and Stone", "ground": "bedrock or older", "tier": 3, "unit": "Mesozoic intrusive rocks", "km_to_find": 64.0}}, {"type": "Feature", "geometry": {"type": "Point", "coordinates": [-117.78931, 48.89461]}, "properties": {"rank": 670, "name": "Sherve Quarry", "operator": "Hemphill Brothers Inc", "county": "Stevens", "acres": 60.7, "depth_ft": 190.0, "commodity": "Limestone", "ground": "bedrock or older", "tier": 3, "unit": "Paleozoic metasedimentary rocks", "km_to_find": 157.8}}, {"type": "Feature", "geometry": {"type": "Point", "coordinates": [-118.03725, 46.26211]}, "properties": {"rank": 671, "name": "Hogeye Quarry", "operator": "Atlas Sand And Rock Inc", "county": "Columbia", "acres": 57.0, "depth_ft": 200.0, "commodity": "Rock and Stone", "ground": "bedrock or older", "tier": 3, "unit": "Miocene Columbia River Basalt Group, Wanapum Basalt", "km_to_find": 56.0}}, {"type": "Feature", "geometry": {"type": "Point", "coordinates": [-117.75685, 47.51607]}, "properties": {"rank": 672, "name": "Malloy 30-03", "operator": "Spokane County Public Works", "county": "Spokane", "acres": 8.43, "depth_ft": 30.0, "commodity": "Rock and Stone", "ground": "bedrock or older", "tier": 3, "unit": "Miocene Columbia River Basalt Group, Wanapum Basalt", "km_to_find": 14.7}}, {"type": "Feature", "geometry": {"type": "Point", "coordinates": [-122.12462, 48.21198]}, "properties": {"rank": 673, "name": "Arlington", "operator": "Cadman Materials Inc", "county": "Snohomish", "acres": 122.60000000000001, "depth_ft": 110.0, "commodity": "Sand and Gravel", "ground": "bedrock or older", "tier": 3, "unit": "Holocene artificial fill and modified land", "km_to_find": 48.3}}, {"type": "Feature", "geometry": {"type": "Point", "coordinates": [-119.243, 46.87]}, "properties": {"rank": 674, "name": "Hampton Rock Pit", "operator": "Hampton Rock Llc", "county": "Adams", "acres": 160.44, "depth_ft": 100.0, "commodity": null, "ground": "bedrock or older", "tier": 3, "unit": "Miocene Columbia River Basalt Group, Wanapum Basalt", "km_to_find": 58.2}}, {"type": "Feature", "geometry": {"type": "Point", "coordinates": [-123.82081, 46.65681]}, "properties": {"rank": 675, "name": "Milne Quarry", "operator": "S.E.A. Construction Llc", "county": "Pacific", "acres": 45.4, "depth_ft": 250.0, "commodity": "Rock and Stone", "ground": "bedrock or older", "tier": 3, "unit": "Eocene Crescent Formation, volcanic rocks", "km_to_find": 139.7}}, {"type": "Feature", "geometry": {"type": "Point", "coordinates": [-117.77156, 47.55776]}, "properties": {"rank": 676, "name": "Fancher 40-21", "operator": "Spokane County Public Works", "county": "Spokane", "acres": 12.0, "depth_ft": 20.0, "commodity": "Sand and Gravel", "ground": "bedrock or older", "tier": 3, "unit": "Miocene Columbia River Basalt Group, Wanapum Basalt", "km_to_find": 17.5}}, {"type": "Feature", "geometry": {"type": "Point", "coordinates": [-120.25543, 46.47482]}, "properties": {"rank": 677, "name": "Cheyne Landfill Gravel Pit", "operator": "Yakima County Public Services", "county": "Yakima", "acres": 185.0, "depth_ft": 92.0, "commodity": "Sand and Gravel", "ground": "bedrock or older", "tier": 3, "unit": "Tertiary sedimentary rocks and deposits", "km_to_find": 59.2}}, {"type": "Feature", "geometry": {"type": "Point", "coordinates": [-117.97788, 48.58763]}, "properties": {"rank": 678, "name": "Drive Inn/Naff Pit", "operator": "N.E.W. Gravel Llc", "county": "Stevens", "acres": 46.9, "depth_ft": 220.0, "commodity": "Rock and Stone", "ground": "bedrock or older", "tier": 3, "unit": "Paleozoic sedimentary rocks", "km_to_find": 126.5}}, {"type": "Feature", "geometry": {"type": "Point", "coordinates": [-122.24873, 46.87778]}, "properties": {"rank": 679, "name": "Eatonville", "operator": "Lynch Creek Quarry Llc", "county": "Pierce", "acres": 105.10000000000001, "depth_ft": 111.0, "commodity": "Rock and Stone", "ground": "bedrock or older", "tier": 3, "unit": "Tertiary volcanic rocks", "km_to_find": 84.6}}, {"type": "Feature", "geometry": {"type": "Point", "coordinates": [-122.64947, 46.79354]}, "properties": {"rank": 680, "name": "Columbia Granite", "operator": "Columbia Granite Llc", "county": "Thurston", "acres": 39.39, "depth_ft": 350.0, "commodity": "Rock and Stone", "ground": "bedrock or older", "tier": 3, "unit": "Tertiary intrusive rocks", "km_to_find": 89.8}}, {"type": "Feature", "geometry": {"type": "Point", "coordinates": [-120.66886, 46.62442]}, "properties": {"rank": 681, "name": "Summitview", "operator": "Yakima County Public Works", "county": "Yakima", "acres": 72.7, "depth_ft": 135.0, "commodity": "Rock and Stone", "ground": "bedrock or older", "tier": 3, "unit": "Miocene Columbia River Basalt Group, Wanapum Basalt", "km_to_find": 28.6}}, {"type": "Feature", "geometry": {"type": "Point", "coordinates": [-117.14312, 48.29997]}, "properties": {"rank": 682, "name": "Iron Mt Talus", "operator": "Iron Mountain Flagstone Llc", "county": "Pend Oreille", "acres": 40.0, "depth_ft": 250.0, "commodity": "Sand and Gravel", "ground": "bedrock or older", "tier": 3, "unit": "Precambrian metasedimentary rocks", "km_to_find": 96.1}}, {"type": "Feature", "geometry": {"type": "Point", "coordinates": [-123.76915, 46.8985]}, "properties": {"rank": 683, "name": "Newskah Quarry", "operator": "Northwest Rock Inc", "county": "Grays Harbor", "acres": 40.0, "depth_ft": 250.0, "commodity": "Rock and Stone", "ground": "bedrock or older", "tier": 3, "unit": "Miocene Columbia River Basalt Group, Grande Ronde Basalt", "km_to_find": 117.8}}, {"type": "Feature", "geometry": {"type": "Point", "coordinates": [-120.79731, 45.81232]}, "properties": {"rank": 684, "name": "Riley Quarry", "operator": "Patricia K Riley", "county": "Klickitat", "acres": 85.71000000000001, "depth_ft": 115.0, "commodity": "Rock and Stone", "ground": "bedrock or older", "tier": 3, "unit": "Miocene Columbia River Basalt Group, Wanapum Basalt", "km_to_find": 117.8}}, {"type": "Feature", "geometry": {"type": "Point", "coordinates": [-122.02964, 47.1084]}, "properties": {"rank": 685, "name": "Wilkeson Quarry", "operator": "Wilkeson Sandstone Quarry Llc", "county": "Pierce", "acres": 50.0, "depth_ft": 175.0, "commodity": "Rock and Stone", "ground": "bedrock or older", "tier": 3, "unit": "Tertiary sedimentary rocks and deposits", "km_to_find": 69.5}}, {"type": "Feature", "geometry": {"type": "Point", "coordinates": [-117.75666, 48.17894]}, "properties": {"rank": 686, "name": "Dawson Dolomite Quarry", "operator": "Dawson Trucking Inc", "county": "Stevens", "acres": 58.22, "depth_ft": 145.0, "commodity": "Rock and Stone", "ground": "bedrock or older", "tier": 3, "unit": "Precambrian metasedimentary rocks", "km_to_find": 78.6}}, {"type": "Feature", "geometry": {"type": "Point", "coordinates": [-122.98597, 47.02522]}, "properties": {"rank": 687, "name": "Delphi Pit", "operator": "Brumfield Construction Inc", "county": "Thurston", "acres": 46.0, "depth_ft": 180.0, "commodity": "Rock and Stone", "ground": "bedrock or older", "tier": 3, "unit": "Eocene Crescent Formation, volcanic rocks", "km_to_find": 70.2}}, {"type": "Feature", "geometry": {"type": "Point", "coordinates": [-120.36046, 46.96749]}, "properties": {"rank": 688, "name": "Clerf Quarry", "operator": "Ellensburg Cement Products Inc", "county": "Kittitas", "acres": 51.0, "depth_ft": 160.0, "commodity": "Rock and Stone", "ground": "bedrock or older", "tier": 3, "unit": "Tertiary sedimentary rocks and deposits", "km_to_find": 33.1}}, {"type": "Feature", "geometry": {"type": "Point", "coordinates": [-123.11619, 47.15143]}, "properties": {"rank": 689, "name": "Little Creek Quarry", "operator": "Northwest Rock Inc", "county": "Mason", "acres": 56.0, "depth_ft": 140.0, "commodity": "Rock and Stone", "ground": "bedrock or older", "tier": 3, "unit": "Eocene Crescent Formation, volcanic rocks", "km_to_find": 63.2}}, {"type": "Feature", "geometry": {"type": "Point", "coordinates": [-120.23883, 45.94236]}, "properties": {"rank": 690, "name": "Matsen Quarry", "operator": "Klickitat County Public Works", "county": "Klickitat", "acres": 79.51, "depth_ft": 110.0, "commodity": "Rock and Stone", "ground": "bedrock or older", "tier": 3, "unit": "Miocene Columbia River Basalt Group, Saddle Mountains Basalt", "km_to_find": 111.2}}, {"type": "Feature", "geometry": {"type": "Point", "coordinates": [-120.35678, 46.97978]}, "properties": {"rank": 691, "name": "Kititas Pit", "operator": "Louie Gibson", "county": "Kittitas", "acres": 60.0, "depth_ft": 130.0, "commodity": "Rock and Stone", "ground": "bedrock or older", "tier": 3, "unit": "Miocene Columbia River Basalt Group, Grande Ronde Basalt", "km_to_find": 33.8}}, {"type": "Feature", "geometry": {"type": "Point", "coordinates": [-120.77532, 46.53271]}, "properties": {"rank": 692, "name": "Ahtanum Quarry", "operator": "Herke Rock", "county": "Yakima", "acres": 54.0, "depth_ft": 140.0, "commodity": "Rock and Stone", "ground": "bedrock or older", "tier": 3, "unit": "Miocene Columbia River Basalt Group, Wanapum Basalt", "km_to_find": 37.7}}, {"type": "Feature", "geometry": {"type": "Point", "coordinates": [-121.9166, 48.05048]}, "properties": {"rank": 693, "name": "Willard Aggregate", "operator": "Thomco Aggregate", "county": "Snohomish", "acres": 40.0, "depth_ft": 200.0, "commodity": "Rock and Stone", "ground": "bedrock or older", "tier": 3, "unit": "Mesozoic metasedimentary rocks", "km_to_find": 63.1}}, {"type": "Feature", "geometry": {"type": "Point", "coordinates": [-122.55549, 46.51123]}, "properties": {"rank": 694, "name": "Winston Quarry", "operator": "Winston Rock Quarry Llc", "county": "Lewis", "acres": 38.2, "depth_ft": 215.0, "commodity": "Rock and Stone", "ground": "bedrock or older", "tier": 3, "unit": "Tertiary volcanic rocks", "km_to_find": 121.1}}, {"type": "Feature", "geometry": {"type": "Point", "coordinates": [-118.02874, 48.78153]}, "properties": {"rank": 695, "name": "Northwest Marble", "operator": "Northwest Marble Products Inc", "county": "Stevens", "acres": 26.0, "depth_ft": 455.0, "commodity": "Dolomite", "ground": "bedrock or older", "tier": 3, "unit": "Paleozoic metasedimentary rocks", "km_to_find": 148.4}}, {"type": "Feature", "geometry": {"type": "Point", "coordinates": [-119.51886, 48.90363]}, "properties": {"rank": 696, "name": "Chris Williams", "operator": "Chris Williams", "county": "Okanogan", "acres": 27.38, "depth_ft": 355.0, "commodity": "Sand and Gravel", "ground": "bedrock or older", "tier": 3, "unit": "Paleozoic metasedimentary rocks", "km_to_find": 145.4}}, {"type": "Feature", "geometry": {"type": "Point", "coordinates": [-119.19094, 46.14581]}, "properties": {"rank": 697, "name": "Hospital Quarry", "operator": "Interstate Concrete & Asphalt", "county": "Benton", "acres": 50.0, "depth_ft": 145.0, "commodity": "Rock and Stone", "ground": "bedrock or older", "tier": 3, "unit": "Miocene Columbia River Basalt Group, Saddle Mountains Basalt", "km_to_find": 108.7}}, {"type": "Feature", "geometry": {"type": "Point", "coordinates": [-122.30444, 45.58069]}, "properties": {"rank": 698, "name": "Washougal", "operator": "Zp#5, Llc", "county": "Clark", "acres": 120.0, "depth_ft": 80.0, "commodity": "Sand and Gravel", "ground": "bedrock or older", "tier": 3, "unit": "Tertiary sedimentary rocks and deposits", "km_to_find": 185.7}}, {"type": "Feature", "geometry": {"type": "Point", "coordinates": [-118.77573, 46.06395]}, "properties": {"rank": 699, "name": "Nine Mile Quarry", "operator": "Granite Construction Co (East)", "county": "Walla Walla", "acres": 60.0, "depth_ft": 115.0, "commodity": "Rock and Stone", "ground": "bedrock or older", "tier": 3, "unit": "Miocene Columbia River Basalt Group, Wanapum Basalt", "km_to_find": 106.2}}, {"type": "Feature", "geometry": {"type": "Point", "coordinates": [-121.52732, 45.76594]}, "properties": {"rank": 700, "name": "James Dean Construction", "operator": "James Dean Construction", "county": "Klickitat", "acres": 26.5, "depth_ft": 300.0, "commodity": "Rock and Stone", "ground": "bedrock or older", "tier": 3, "unit": "Miocene Columbia River Basalt Group, Grande Ronde Basalt", "km_to_find": 135.9}}, {"type": "Feature", "geometry": {"type": "Point", "coordinates": [-122.71647, 47.88756]}, "properties": {"rank": 701, "name": "Mason Quarry", "operator": "New Shine Quarry Llc", "county": "Jefferson", "acres": 40.0, "depth_ft": 160.0, "commodity": "Rock and Stone", "ground": "bedrock or older", "tier": 3, "unit": "Eocene Crescent Formation, volcanic rocks", "km_to_find": 25.7}}, {"type": "Feature", "geometry": {"type": "Point", "coordinates": [-122.24683, 47.47707]}, "properties": {"rank": 702, "name": "Black River", "operator": "Kangley Rock & Recycle", "county": "King", "acres": 33.0, "depth_ft": 200.0, "commodity": "Rock and Stone", "ground": "bedrock or older", "tier": 3, "unit": "Tertiary sedimentary rocks and deposits", "km_to_find": 29.8}}, {"type": "Feature", "geometry": {"type": "Point", "coordinates": [-121.45142, 45.71202]}, "properties": {"rank": 703, "name": "Bingen Pit", "operator": "Twin Creeks Timber Llc", "county": "Klickitat", "acres": 24.0, "depth_ft": 350.0, "commodity": "Rock and Stone", "ground": "bedrock or older", "tier": 3, "unit": "Miocene Columbia River Basalt Group, Grande Ronde Basalt", "km_to_find": 139.1}}, {"type": "Feature", "geometry": {"type": "Point", "coordinates": [-120.38674, 46.76969]}, "properties": {"rank": 704, "name": "Qs-S-234", "operator": "Dot - Dept Of Transportation", "county": "Kittitas", "acres": 70.0, "depth_ft": 100.0, "commodity": "Rock and Stone", "ground": "bedrock or older", "tier": 3, "unit": "Miocene Columbia River Basalt Group, Grande Ronde Basalt", "km_to_find": 31.5}}, {"type": "Feature", "geometry": {"type": "Point", "coordinates": [-121.66904, 46.59192]}, "properties": {"rank": 705, "name": "Ps-L-296 Packwood", "operator": "Dot - Dept Of Transportation", "county": "Lewis", "acres": 90.10000000000001, "depth_ft": 85.0, "commodity": "Sand and Gravel", "ground": "bedrock or older", "tier": 3, "unit": "Tertiary sedimentary rocks and deposits", "km_to_find": 75.0}}, {"type": "Feature", "geometry": {"type": "Point", "coordinates": [-119.38747, 46.26672]}, "properties": {"rank": 706, "name": "Kiona Quarry", "operator": "Interstate Concrete & Asphalt", "county": "Benton", "acres": 48.5, "depth_ft": 125.0, "commodity": "Rock and Stone", "ground": "bedrock or older", "tier": 3, "unit": "Miocene Columbia River Basalt Group, Saddle Mountains Basalt", "km_to_find": 106.0}}, {"type": "Feature", "geometry": {"type": "Point", "coordinates": [-121.97539, 47.22582]}, "properties": {"rank": 707, "name": "Enumclaw Quarry", "operator": "Richard L Pierotti", "county": "King", "acres": 25.0, "depth_ft": 260.0, "commodity": "Rock and Stone", "ground": "bedrock or older", "tier": 3, "unit": "Tertiary intrusive rocks", "km_to_find": 62.8}}, {"type": "Feature", "geometry": {"type": "Point", "coordinates": [-121.4087, 48.54375]}, "properties": {"rank": 708, "name": "Casey'S Pit", "operator": "Robert L Hornbeck", "county": "Skagit", "acres": 21.2, "depth_ft": 350.0, "commodity": "Sand and Gravel", "ground": "bedrock or older", "tier": 3, "unit": "Mesozoic intrusive rocks", "km_to_find": 110.6}}, {"type": "Feature", "geometry": {"type": "Point", "coordinates": [-118.98769, 47.17932]}, "properties": {"rank": 709, "name": "Voise Quarry #89", "operator": "Grant County Public Works", "county": "Grant", "acres": 61.19, "depth_ft": 100.0, "commodity": "Sand and Gravel", "ground": "bedrock or older", "tier": 3, "unit": "Miocene Columbia River Basalt Group, Wanapum Basalt", "km_to_find": 42.0}}, {"type": "Feature", "geometry": {"type": "Point", "coordinates": [-122.4011, 45.67427]}, "properties": {"rank": 710, "name": "Livingston Mt Quarry", "operator": "Tower Rock Products Inc", "county": "Clark", "acres": 40.0, "depth_ft": 140.0, "commodity": "Rock and Stone", "ground": "bedrock or older", "tier": 3, "unit": "Tertiary volcanic rocks", "km_to_find": 182.7}}, {"type": "Feature", "geometry": {"type": "Point", "coordinates": [-122.65767, 46.33534]}, "properties": {"rank": 711, "name": "Gardner Quarry", "operator": "Garry Gardner", "county": "Cowlitz", "acres": 60.0, "depth_ft": 100.0, "commodity": "Rock and Stone", "ground": "bedrock or older", "tier": 3, "unit": "Tertiary volcanic rocks", "km_to_find": 140.7}}, {"type": "Feature", "geometry": {"type": "Point", "coordinates": [-122.00212, 46.54231]}, "properties": {"rank": 712, "name": "Oliver Creek Quarry", "operator": "Rock Services Inc", "county": "Lewis", "acres": 28.6, "depth_ft": 200.0, "commodity": "Rock and Stone", "ground": "bedrock or older", "tier": 3, "unit": "Tertiary volcanic rocks", "km_to_find": 100.6}}, {"type": "Feature", "geometry": {"type": "Point", "coordinates": [-119.97197, 47.04747]}, "properties": {"rank": 713, "name": "Section 17 South", "operator": "Imerys Minerals California Inc", "county": "Grant", "acres": 256.0, "depth_ft": 50.0, "commodity": "Diatomite", "ground": "bedrock or older", "tier": 3, "unit": "Miocene Columbia River Basalt Group, Wanapum Basalt", "km_to_find": 63.9}}, {"type": "Feature", "geometry": {"type": "Point", "coordinates": [-122.48474, 45.89647]}, "properties": {"rank": 714, "name": "Maple Pit Quarry G-9", "operator": "Clark County Public Works", "county": "Clark", "acres": 31.5, "depth_ft": 175.0, "commodity": "Rock and Stone", "ground": "bedrock or older", "tier": 3, "unit": "Tertiary volcanic rocks", "km_to_find": 170.3}}, {"type": "Feature", "geometry": {"type": "Point", "coordinates": [-120.44048, 47.11357]}, "properties": {"rank": 715, "name": "C Lightening Ranches", "operator": "Ellensburg Cement Products Inc", "county": "Kittitas", "acres": 240.0, "depth_ft": 50.0, "commodity": "Rock and Stone", "ground": "bedrock or older", "tier": 3, "unit": "Miocene Columbia River Basalt Group, Grande Ronde Basalt", "km_to_find": 36.9}}, {"type": "Feature", "geometry": {"type": "Point", "coordinates": [-118.998, 46.07775]}, "properties": {"rank": 716, "name": "Easterday", "operator": "Copenhaver Construction Inc", "county": "Benton", "acres": 35.0, "depth_ft": 160.0, "commodity": "Rock and Stone", "ground": "bedrock or older", "tier": 3, "unit": "Miocene Columbia River Basalt Group, Saddle Mountains Basalt", "km_to_find": 109.4}}, {"type": "Feature", "geometry": {"type": "Point", "coordinates": [-117.38577, 46.89025]}, "properties": {"rank": 717, "name": "Colfax Quarry", "operator": "Seubert Excavators Inc", "county": "Whitman", "acres": 21.2, "depth_ft": 260.0, "commodity": "Rock and Stone", "ground": "bedrock or older", "tier": 3, "unit": "Miocene Columbia River Basalt Group, Wanapum Basalt", "km_to_find": 31.0}}, {"type": "Feature", "geometry": {"type": "Point", "coordinates": [-122.45525, 48.84941]}, "properties": {"rank": 718, "name": "Pullar", "operator": "Granite Construction Company", "county": "Whatcom", "acres": 60.0, "depth_ft": 95.0, "commodity": "Sand and Gravel", "ground": "bedrock or older", "tier": 3, "unit": "Water", "km_to_find": 43.8}}, {"type": "Feature", "geometry": {"type": "Point", "coordinates": [-120.35693, 46.61126]}, "properties": {"rank": 719, "name": "Cobra Quarry", "operator": "Steve & Cheryl Gimlin", "county": "Yakima", "acres": 52.45, "depth_ft": 100.0, "commodity": "Rock and Stone", "ground": "bedrock or older", "tier": 3, "unit": "Miocene Columbia River Basalt Group, Saddle Mountains Basalt", "km_to_find": 43.0}}, {"type": "Feature", "geometry": {"type": "Point", "coordinates": [-119.26993, 46.14113]}, "properties": {"rank": 720, "name": "Ag Edwards Inc Pit", "operator": "Western Construction Of Lewiston", "county": "Benton", "acres": 52.22, "depth_ft": 100.0, "commodity": "Rock and Stone", "ground": "bedrock or older", "tier": 3, "unit": "Miocene Columbia River Basalt Group, Saddle Mountains Basalt", "km_to_find": 112.2}}, {"type": "Feature", "geometry": {"type": "Point", "coordinates": [-119.2353, 46.15007]}, "properties": {"rank": 721, "name": "Jmac Resources Inc", "operator": "Jmac Resources Inc", "county": "Benton", "acres": 30.0, "depth_ft": 165.0, "commodity": "Rock and Stone", "ground": "bedrock or older", "tier": 3, "unit": "Miocene Columbia River Basalt Group, Saddle Mountains Basalt", "km_to_find": 110.0}}, {"type": "Feature", "geometry": {"type": "Point", "coordinates": [-120.66333, 45.85433]}, "properties": {"rank": 722, "name": "Badger Gulch Quarry", "operator": "Klickitat County Public Works", "county": "Klickitat", "acres": 72.13, "depth_ft": 80.0, "commodity": "Rock and Stone", "ground": "bedrock or older", "tier": 3, "unit": "Miocene Columbia River Basalt Group, Wanapum Basalt", "km_to_find": 113.5}}, {"type": "Feature", "geometry": {"type": "Point", "coordinates": [-119.99702, 47.08426]}, "properties": {"rank": 723, "name": "Baseline Quarry", "operator": "Escure Llc", "county": "Grant", "acres": 52.0, "depth_ft": 100.0, "commodity": "Sand and Gravel", "ground": "bedrock or older", "tier": 3, "unit": "Miocene Columbia River Basalt Group, Wanapum Basalt", "km_to_find": 63.4}}, {"type": "Feature", "geometry": {"type": "Point", "coordinates": [-122.72949, 45.85849]}, "properties": {"rank": 724, "name": "Circle C", "operator": "Keystone Contracting Inc", "county": "Clark", "acres": 42.9, "depth_ft": 110.0, "commodity": "Sand and Gravel", "ground": "bedrock or older", "tier": 3, "unit": "Tertiary sedimentary rocks and deposits", "km_to_find": 187.7}}, {"type": "Feature", "geometry": {"type": "Point", "coordinates": [-122.77055, 46.80246]}, "properties": {"rank": 725, "name": "Skookumchuck", "operator": "Rock Services Inc", "county": "Thurston", "acres": 20.0, "depth_ft": 264.0, "commodity": "Rock and Stone", "ground": "bedrock or older", "tier": 3, "unit": "Tertiary volcanic rocks", "km_to_find": 89.6}}, {"type": "Feature", "geometry": {"type": "Point", "coordinates": [-120.20273, 46.44903]}, "properties": {"rank": 726, "name": "Van Wyk", "operator": "Granite Construction Co (East)", "county": "Yakima", "acres": 126.0, "depth_ft": 53.0, "commodity": "Sand and Gravel", "ground": "bedrock or older", "tier": 3, "unit": "Tertiary sedimentary rocks and deposits", "km_to_find": 64.1}}, {"type": "Feature", "geometry": {"type": "Point", "coordinates": [-118.65053, 48.60149]}, "properties": {"rank": 727, "name": "Gotham/Qs-Fy-156", "operator": "Copenhaver Construction Inc", "county": "Ferry", "acres": 25.25, "depth_ft": 180.0, "commodity": "Rock and Stone", "ground": "bedrock or older", "tier": 3, "unit": "Tertiary volcanic rocks", "km_to_find": 119.5}}, {"type": "Feature", "geometry": {"type": "Point", "coordinates": [-124.13881, 48.06317]}, "properties": {"rank": 728, "name": "Floe Quarry", "operator": "Delhur Industries Inc", "county": "Clallam", "acres": 28.7, "depth_ft": 160.0, "commodity": "Rock and Stone", "ground": "bedrock or older", "tier": 3, "unit": "Tertiary sedimentary rocks and deposits", "km_to_find": 76.0}}, {"type": "Feature", "geometry": {"type": "Point", "coordinates": [-119.87093, 46.5373]}, "properties": {"rank": 729, "name": "Qs-R-37", "operator": "Dot - Dept Of Transportation", "county": "Benton", "acres": 39.2, "depth_ft": 120.0, "commodity": "Rock and Stone", "ground": "bedrock or older", "tier": 3, "unit": "Miocene Columbia River Basalt Group, Saddle Mountains Basalt", "km_to_find": 78.2}}, {"type": "Feature", "geometry": {"type": "Point", "coordinates": [-118.53996, 46.30215]}, "properties": {"rank": 730, "name": "Greenville", "operator": "Walla Walla County Public Works", "county": "Walla Walla", "acres": 20.830000000000002, "depth_ft": 216.0, "commodity": "Sand and Gravel", "ground": "bedrock or older", "tier": 3, "unit": "Miocene Columbia River Basalt Group, Wanapum Basalt", "km_to_find": 77.7}}, {"type": "Feature", "geometry": {"type": "Point", "coordinates": [-118.83504, 47.07381]}, "properties": {"rank": 731, "name": "Schrag Site #67", "operator": "Adams County Public Works", "county": "Adams", "acres": 31.1, "depth_ft": 140.0, "commodity": "Rock and Stone", "ground": "bedrock or older", "tier": 3, "unit": "Miocene Columbia River Basalt Group, Wanapum Basalt", "km_to_find": 26.7}}, {"type": "Feature", "geometry": {"type": "Point", "coordinates": [-121.45952, 45.9781]}, "properties": {"rank": 732, "name": "Fisher Quarry", "operator": "J Arlie Bryant Inc", "county": "Klickitat", "acres": 20.0, "depth_ft": 240.0, "commodity": "Rock and Stone", "ground": "bedrock or older", "tier": 3, "unit": "Miocene Columbia River Basalt Group, Grande Ronde Basalt", "km_to_find": 112.5}}, {"type": "Feature", "geometry": {"type": "Point", "coordinates": [-120.07993, 48.35284]}, "properties": {"rank": 733, "name": "Twisp 20 Gravel Pit", "operator": "J A Wright Construction Llc", "county": "Okanogan", "acres": 68.73, "depth_ft": 75.0, "commodity": "Sand and Gravel", "ground": "bedrock or older", "tier": 3, "unit": "Mesozoic volcanic and sedimentary rocks", "km_to_find": 93.6}}, {"type": "Feature", "geometry": {"type": "Point", "coordinates": [-121.44157, 45.70596]}, "properties": {"rank": 734, "name": "Dickey/Bingen", "operator": "Klickitat County Public Works", "county": "Klickitat", "acres": 15.49, "depth_ft": 320.0, "commodity": "Rock and Stone", "ground": "bedrock or older", "tier": 3, "unit": "Miocene Columbia River Basalt Group, Grande Ronde Basalt", "km_to_find": 139.4}}, {"type": "Feature", "geometry": {"type": "Point", "coordinates": [-118.1983, 47.82076]}, "properties": {"rank": 735, "name": "Lincoln Sand & Gravel", "operator": "Mike Stormo", "county": "Lincoln", "acres": 32.0, "depth_ft": 130.0, "commodity": "Rock and Stone", "ground": "bedrock or older", "tier": 3, "unit": "Miocene Columbia River Basalt Group, Wanapum Basalt", "km_to_find": 60.4}}, {"type": "Feature", "geometry": {"type": "Point", "coordinates": [-120.33561, 46.95536]}, "properties": {"rank": 736, "name": "Caribou Creek Logging Inc", "operator": "Caribou Creek Logging & Const Inc", "county": "Kittitas", "acres": 49.19, "depth_ft": 95.0, "commodity": "Rock and Stone", "ground": "bedrock or older", "tier": 3, "unit": "Miocene Columbia River Basalt Group, Wanapum Basalt", "km_to_find": 34.5}}, {"type": "Feature", "geometry": {"type": "Point", "coordinates": [-118.03725, 46.29346]}, "properties": {"rank": 737, "name": "Konen Pit", "operator": "Konen Rock Crushing Inc", "county": "Columbia", "acres": 30.400000000000002, "depth_ft": 130.0, "commodity": "Rock and Stone", "ground": "bedrock or older", "tier": 3, "unit": "Miocene Columbia River Basalt Group, Grande Ronde Basalt", "km_to_find": 53.0}}, {"type": "Feature", "geometry": {"type": "Point", "coordinates": [-117.11275, 46.68919]}, "properties": {"rank": 738, "name": "Druffel", "operator": "Seubert Excavators Inc", "county": "Whitman", "acres": 34.5, "depth_ft": 120.0, "commodity": "Rock and Stone", "ground": "bedrock or older", "tier": 3, "unit": "Miocene Columbia River Basalt Group, Wanapum Basalt", "km_to_find": 44.1}}, {"type": "Feature", "geometry": {"type": "Point", "coordinates": [-122.93738, 46.20339]}, "properties": {"rank": 739, "name": "Westside Quarry", "operator": "Westside Quarry Inc", "county": "Cowlitz", "acres": 33.72, "depth_ft": 120.0, "commodity": "Rock and Stone", "ground": "bedrock or older", "tier": 3, "unit": "Miocene Columbia River Basalt Group, Grande Ronde Basalt", "km_to_find": 157.4}}, {"type": "Feature", "geometry": {"type": "Point", "coordinates": [-120.32987, 46.49296]}, "properties": {"rank": 740, "name": "Ken & Mona Heilman Dba Kens Construction Inc", "operator": "Ken & Mona Heilman", "county": "Yakima", "acres": 54.0, "depth_ft": 80.0, "commodity": "Sand and Gravel", "ground": "bedrock or older", "tier": 3, "unit": "Tertiary sedimentary rocks and deposits", "km_to_find": 54.0}}, {"type": "Feature", "geometry": {"type": "Point", "coordinates": [-121.37429, 45.81646]}, "properties": {"rank": 741, "name": "Dale Dennis/ Sleepy Hollow Quarry Inc", "operator": "Dale Dennis", "county": "Klickitat", "acres": 20.0, "depth_ft": 200.0, "commodity": "Rock and Stone", "ground": "bedrock or older", "tier": 3, "unit": "Miocene Columbia River Basalt Group, Wanapum Basalt", "km_to_find": 126.1}}, {"type": "Feature", "geometry": {"type": "Point", "coordinates": [-118.80998, 46.07374]}, "properties": {"rank": 742, "name": "Hatch Quarry", "operator": "Interstate Concrete & Asphalt", "county": "Walla Walla", "acres": 20.0, "depth_ft": 200.0, "commodity": "Rock and Stone", "ground": "bedrock or older", "tier": 3, "unit": "Miocene Columbia River Basalt Group, Wanapum Basalt", "km_to_find": 105.7}}, {"type": "Feature", "geometry": {"type": "Point", "coordinates": [-119.61739, 46.25037]}, "properties": {"rank": 743, "name": "Qs-R-175", "operator": "Dot - Dept Of Transportation", "county": "Benton", "acres": 78.0, "depth_ft": 60.0, "commodity": "Rock and Stone", "ground": "bedrock or older", "tier": 3, "unit": "Miocene Columbia River Basalt Group, Saddle Mountains Basalt", "km_to_find": 112.2}}, {"type": "Feature", "geometry": {"type": "Point", "coordinates": [-123.02666, 46.58224]}, "properties": {"rank": 744, "name": "Alderbrook Quarry", "operator": "Laura Moerke Jones", "county": "Lewis", "acres": 30.0, "depth_ft": 120.0, "commodity": "Rock and Stone", "ground": "bedrock or older", "tier": 3, "unit": "Miocene Columbia River Basalt Group, Grande Ronde Basalt", "km_to_find": 117.7}}, {"type": "Feature", "geometry": {"type": "Point", "coordinates": [-117.96929, 46.33253]}, "properties": {"rank": 745, "name": "Reed Quarry", "operator": "Broughton Land Company", "county": "Columbia", "acres": 24.21, "depth_ft": 150.0, "commodity": "Rock and Stone", "ground": "bedrock or older", "tier": 3, "unit": "Miocene Columbia River Basalt Group, Grande Ronde Basalt", "km_to_find": 46.7}}, {"type": "Feature", "geometry": {"type": "Point", "coordinates": [-121.93241, 48.06686]}, "properties": {"rank": 746, "name": "Scotty Road", "operator": "Louis F Matheson Construction", "county": "Snohomish", "acres": 20.0, "depth_ft": 180.0, "commodity": "Rock and Stone", "ground": "bedrock or older", "tier": 3, "unit": "Mesozoic intrusive rocks", "km_to_find": 61.8}}, {"type": "Feature", "geometry": {"type": "Point", "coordinates": [-118.64648, 46.15854]}, "properties": {"rank": 747, "name": "E-85 Sims Rd", "operator": "Walla Walla County Public Works", "county": "Walla Walla", "acres": 28.68, "depth_ft": 120.0, "commodity": "Rock and Stone", "ground": "bedrock or older", "tier": 3, "unit": "Miocene Columbia River Basalt Group, Wanapum Basalt", "km_to_find": 94.2}}, {"type": "Feature", "geometry": {"type": "Point", "coordinates": [-120.4152, 46.722]}, "properties": {"rank": 748, "name": "Qs-E-265", "operator": "Dot - Dept Of Transportation", "county": "Yakima", "acres": 47.0, "depth_ft": 80.0, "commodity": "Rock and Stone", "ground": "bedrock or older", "tier": 3, "unit": "Miocene Columbia River Basalt Group, Saddle Mountains Basalt", "km_to_find": 31.9}}, {"type": "Feature", "geometry": {"type": "Point", "coordinates": [-121.49166, 45.96353]}, "properties": {"rank": 749, "name": "Kilowatt Pit", "operator": "James Dean Construction", "county": "Klickitat", "acres": 15.0, "depth_ft": 211.0, "commodity": "Rock and Stone", "ground": "bedrock or older", "tier": 3, "unit": "Miocene Columbia River Basalt Group, Grande Ronde Basalt", "km_to_find": 115.0}}, {"type": "Feature", "geometry": {"type": "Point", "coordinates": [-122.42959, 45.90544]}, "properties": {"rank": 750, "name": "Courtney Rock Quarry", "operator": "Waldow Family Trust Enterprises Inc Dba North Clark Construction", "county": "Clark", "acres": 16.75, "depth_ft": 200.0, "commodity": "Rock and Stone", "ground": "bedrock or older", "tier": 3, "unit": "Tertiary volcanic rocks", "km_to_find": 166.4}}, {"type": "Feature", "geometry": {"type": "Point", "coordinates": [-123.16526, 46.63227]}, "properties": {"rank": 751, "name": "Meskill", "operator": "Lewis County Road Dept", "county": "Lewis", "acres": 140.0, "depth_ft": 35.0, "commodity": "Rock and Stone", "ground": "bedrock or older", "tier": 3, "unit": "Miocene Columbia River Basalt Group, Grande Ronde Basalt", "km_to_find": 115.8}}, {"type": "Feature", "geometry": {"type": "Point", "coordinates": [-122.96823, 46.67015]}, "properties": {"rank": 752, "name": "Conwell Hill", "operator": "Cb National Llc", "county": "Lewis", "acres": 11.4, "depth_ft": 280.0, "commodity": "Rock and Stone", "ground": "bedrock or older", "tier": 3, "unit": "Tertiary sedimentary rocks and deposits", "km_to_find": 107.1}}, {"type": "Feature", "geometry": {"type": "Point", "coordinates": [-119.04235, 46.11936]}, "properties": {"rank": 753, "name": "Finley Quarry", "operator": "Benton County Public Works", "county": "Benton", "acres": 25.28, "depth_ft": 120.0, "commodity": "Rock and Stone", "ground": "bedrock or older", "tier": 3, "unit": "Miocene Columbia River Basalt Group, Saddle Mountains Basalt", "km_to_find": 106.3}}, {"type": "Feature", "geometry": {"type": "Point", "coordinates": [-122.95447, 46.68313]}, "properties": {"rank": 754, "name": "Kresky Mine", "operator": "Raindrop Properties Llc", "county": "Lewis", "acres": 42.7, "depth_ft": 80.0, "commodity": "Sand and Gravel", "ground": "bedrock or older", "tier": 3, "unit": "Tertiary sedimentary rocks and deposits", "km_to_find": 105.4}}, {"type": "Feature", "geometry": {"type": "Point", "coordinates": [-123.45334, 46.2712]}, "properties": {"rank": 755, "name": "Skamokawa Rock", "operator": "Wahkiakum County Public Works", "county": "Wahkiakum", "acres": 9.5, "depth_ft": 300.0, "commodity": "Rock and Stone", "ground": "bedrock or older", "tier": 3, "unit": "Miocene Columbia River Basalt Group, Wanapum Basalt", "km_to_find": 161.3}}, {"type": "Feature", "geometry": {"type": "Point", "coordinates": [-122.17548, 45.63487]}, "properties": {"rank": 756, "name": "Washougal Basalt Quarry", "operator": "Washougal R&M Quarry Llc", "county": "Skamania", "acres": 13.5, "depth_ft": 210.0, "commodity": "Rock and Stone", "ground": "bedrock or older", "tier": 3, "unit": "Tertiary volcanic rocks", "km_to_find": 174.8}}, {"type": "Feature", "geometry": {"type": "Point", "coordinates": [-120.49593, 46.62721]}, "properties": {"rank": 757, "name": "Resthaven Rip Rap", "operator": "Interstate Concrete & Asphalt", "county": "Yakima", "acres": 9.0, "depth_ft": 290.0, "commodity": "Rock and Stone", "ground": "bedrock or older", "tier": 3, "unit": "Miocene Columbia River Basalt Group, Wanapum Basalt", "km_to_find": 34.4}}, {"type": "Feature", "geometry": {"type": "Point", "coordinates": [-121.57382, 48.49249]}, "properties": {"rank": 758, "name": "Rockport Quarry", "operator": "Marvin Donovan Jr", "county": "Skagit", "acres": 11.0, "depth_ft": 225.0, "commodity": "Rock and Stone", "ground": "bedrock or older", "tier": 3, "unit": "Paleozoic metavolcanic rocks", "km_to_find": 97.2}}, {"type": "Feature", "geometry": {"type": "Point", "coordinates": [-123.93024, 46.3998]}, "properties": {"rank": 759, "name": "Templin", "operator": "Scarsella Brothers Inc", "county": "Pacific", "acres": 22.1, "depth_ft": 121.0, "commodity": "Rock and Stone", "ground": "bedrock or older", "tier": 3, "unit": "Miocene Columbia River Basalt Group, Grande Ronde Basalt", "km_to_find": 167.3}}, {"type": "Feature", "geometry": {"type": "Point", "coordinates": [-118.10436, 46.06442]}, "properties": {"rank": 760, "name": "Puller Bros", "operator": "Puller Bros", "county": "Walla Walla", "acres": 13.5, "depth_ft": 200.0, "commodity": "Rock and Stone", "ground": "bedrock or older", "tier": 3, "unit": "Miocene Columbia River Basalt Group, Grande Ronde Basalt", "km_to_find": 78.1}}, {"type": "Feature", "geometry": {"type": "Point", "coordinates": [-122.96308, 46.67671]}, "properties": {"rank": 761, "name": "Carpet Hill", "operator": "Quigg Bros Inc", "county": "Lewis", "acres": 15.6, "depth_ft": 170.0, "commodity": "Rock and Stone", "ground": "bedrock or older", "tier": 3, "unit": "Tertiary sedimentary rocks and deposits", "km_to_find": 106.3}}, {"type": "Feature", "geometry": {"type": "Point", "coordinates": [-118.67447, 48.6679]}, "properties": {"rank": 762, "name": "Ferry County Torboy", "operator": "Ferry County Public Works", "county": "Ferry", "acres": 33.18, "depth_ft": 91.91, "commodity": "Sand and Gravel", "ground": "bedrock or older", "tier": 3, "unit": "Tertiary sedimentary rocks and deposits", "km_to_find": 125.8}}, {"type": "Feature", "geometry": {"type": "Point", "coordinates": [-122.57916, 47.19169]}, "properties": {"rank": 763, "name": "Steilacoom", "operator": "Pierce Co Wastewater Utility", "county": "Pierce", "acres": 160.0, "depth_ft": 25.0, "commodity": "Sand and Gravel", "ground": "bedrock or older", "tier": 3, "unit": "Holocene artificial fill and modified land", "km_to_find": 45.4}}, {"type": "Feature", "geometry": {"type": "Point", "coordinates": [-121.75903, 45.71492]}, "properties": {"rank": 764, "name": "Arnold/Wilkins", "operator": "Wilkins Kaiser & Olsen Inc", "county": "Skamania", "acres": 117.0, "depth_ft": 30.0, "commodity": "Rock and Stone", "ground": "bedrock or older", "tier": 3, "unit": "Tertiary intrusive rocks", "km_to_find": 149.3}}, {"type": "Feature", "geometry": {"type": "Point", "coordinates": [-122.37648, 45.75904]}, "properties": {"rank": 765, "name": "Spotted Deer/Randall Kirk", "operator": "Dnr Sw Pro 532", "county": "Clark", "acres": 27.5, "depth_ft": 100.0, "commodity": "Rock and Stone", "ground": "bedrock or older", "tier": 3, "unit": "Tertiary volcanic rocks", "km_to_find": 174.6}}, {"type": "Feature", "geometry": {"type": "Point", "coordinates": [-117.92117, 47.66356]}, "properties": {"rank": 766, "name": "Mac Quarry", "operator": "Copenhaver Construction Inc", "county": "Lincoln", "acres": 41.0, "depth_ft": 70.0, "commodity": "Rock and Stone", "ground": "bedrock or older", "tier": 3, "unit": "Miocene Columbia River Basalt Group, Wanapum Basalt", "km_to_find": 33.3}}, {"type": "Feature", "geometry": {"type": "Point", "coordinates": [-120.90634, 45.80044]}, "properties": {"rank": 767, "name": "Esteb Pit", "operator": "Klickitat County Public Works", "county": "Klickitat", "acres": 45.0, "depth_ft": 65.0, "commodity": "Rock and Stone", "ground": "bedrock or older", "tier": 3, "unit": "Miocene Columbia River Basalt Group, Wanapum Basalt", "km_to_find": 119.6}}, {"type": "Feature", "geometry": {"type": "Point", "coordinates": [-123.96103, 48.16324]}, "properties": {"rank": 768, "name": "Twin Rivers", "operator": "Lafarge Pnw Inc", "county": "Clallam", "acres": 200.0, "depth_ft": null, "commodity": "Clay", "ground": "bedrock or older", "tier": 3, "unit": "Tertiary sedimentary rocks and deposits", "km_to_find": 63.9}}, {"type": "Feature", "geometry": {"type": "Point", "coordinates": [-121.11845, 45.94613]}, "properties": {"rank": 769, "name": "Truck Shop", "operator": "Dgs Timber Llc", "county": "Klickitat", "acres": 12.44, "depth_ft": 190.0, "commodity": "Rock and Stone", "ground": "bedrock or older", "tier": 3, "unit": "Miocene Columbia River Basalt Group, Grande Ronde Basalt", "km_to_find": 106.3}}, {"type": "Feature", "geometry": {"type": "Point", "coordinates": [-117.33139, 46.74363]}, "properties": {"rank": 770, "name": "Union Center Quarry", "operator": "Whitman County Public Works", "county": "Whitman", "acres": 26.27, "depth_ft": 100.0, "commodity": "Rock and Stone", "ground": "bedrock or older", "tier": 3, "unit": "Miocene Columbia River Basalt Group, Wanapum Basalt", "km_to_find": 27.7}}, {"type": "Feature", "geometry": {"type": "Point", "coordinates": [-120.70609, 47.16409]}, "properties": {"rank": 771, "name": "Thomas Quarry", "operator": "Ellensburg Cement Products Inc", "county": "Kittitas", "acres": 37.0, "depth_ft": 80.0, "commodity": "Rock and Stone", "ground": "bedrock or older", "tier": 3, "unit": "Tertiary sedimentary rocks and deposits", "km_to_find": 32.9}}, {"type": "Feature", "geometry": {"type": "Point", "coordinates": [-123.00474, 46.1484]}, "properties": {"rank": 772, "name": "Gobel", "operator": "Keystone Contracting Inc", "county": "Cowlitz", "acres": 15.0, "depth_ft": 150.0, "commodity": "Rock and Stone", "ground": "bedrock or older", "tier": 3, "unit": "Tertiary volcanic rocks", "km_to_find": 164.3}}, {"type": "Feature", "geometry": {"type": "Point", "coordinates": [-122.08453, 47.5088]}, "properties": {"rank": 773, "name": "Hazen Quarry", "operator": "Squak Mountain Materials Inc", "county": "King", "acres": 17.5, "depth_ft": 130.0, "commodity": "Rock and Stone", "ground": "bedrock or older", "tier": 3, "unit": "Tertiary fragmental volcanic rocks and deposits (includes lahars)", "km_to_find": 40.0}}, {"type": "Feature", "geometry": {"type": "Point", "coordinates": [-120.32755, 46.95873]}, "properties": {"rank": 774, "name": "Kern Pit", "operator": "Kittitas County Public Works", "county": "Kittitas", "acres": 24.5, "depth_ft": 100.0, "commodity": "Rock and Stone", "ground": "bedrock or older", "tier": 3, "unit": "Tertiary sedimentary rocks and deposits", "km_to_find": 35.2}}, {"type": "Feature", "geometry": {"type": "Point", "coordinates": [-123.34583, 46.18953]}, "properties": {"rank": 775, "name": "Abe Creek", "operator": "Burns Construction", "county": "Wahkiakum", "acres": 14.64, "depth_ft": 145.0, "commodity": "Rock and Stone", "ground": "bedrock or older", "tier": 3, "unit": "Miocene Columbia River Basalt Group, Wanapum Basalt", "km_to_find": 166.8}}, {"type": "Feature", "geometry": {"type": "Point", "coordinates": [-119.46018, 46.18388]}, "properties": {"rank": 776, "name": "C Moore Quarry", "operator": "Benton County Public Works", "county": "Benton", "acres": 27.45, "depth_ft": 90.0, "commodity": "Rock and Stone", "ground": "bedrock or older", "tier": 3, "unit": "Miocene Columbia River Basalt Group, Saddle Mountains Basalt", "km_to_find": 116.7}}, {"type": "Feature", "geometry": {"type": "Point", "coordinates": [-121.55724, 45.99705]}, "properties": {"rank": 777, "name": "Troutlake Quarry", "operator": "Klickitat County Public Works", "county": "Klickitat", "acres": 9.0, "depth_ft": 190.0, "commodity": "Rock and Stone", "ground": "bedrock or older", "tier": 3, "unit": "Miocene Columbia River Basalt Group, Grande Ronde Basalt", "km_to_find": 114.3}}, {"type": "Feature", "geometry": {"type": "Point", "coordinates": [-120.86483, 45.79575]}, "properties": {"rank": 778, "name": "Snipes Butte Rock Quarry", "operator": "J Arlie Bryant Inc", "county": "Klickitat", "acres": 20.0, "depth_ft": 110.0, "commodity": "Rock and Stone", "ground": "bedrock or older", "tier": 3, "unit": "Miocene Columbia River Basalt Group, Wanapum Basalt", "km_to_find": 119.9}}, {"type": "Feature", "geometry": {"type": "Point", "coordinates": [-121.38853, 47.7163]}, "properties": {"rank": 779, "name": "Miller River", "operator": "Meridian Aggregate", "county": "King", "acres": 16.3, "depth_ft": 125.0, "commodity": "Rock and Stone", "ground": "bedrock or older", "tier": 3, "unit": "Tertiary intrusive rocks", "km_to_find": 66.9}}, {"type": "Feature", "geometry": {"type": "Point", "coordinates": [-123.13221, 46.61587]}, "properties": {"rank": 780, "name": "Ceres Hill", "operator": "Headwell Llc", "county": "Lewis", "acres": 10.0, "depth_ft": 165.0, "commodity": "Rock and Stone", "ground": "bedrock or older", "tier": 3, "unit": "Miocene Columbia River Basalt Group, Grande Ronde Basalt", "km_to_find": 116.6}}, {"type": "Feature", "geometry": {"type": "Point", "coordinates": [-118.53761, 46.30058]}, "properties": {"rank": 781, "name": "Qs-O-85", "operator": "Konen Rock Products Inc", "county": "Walla Walla", "acres": 15.0, "depth_ft": 120.0, "commodity": "Rock and Stone", "ground": "bedrock or older", "tier": 3, "unit": "Miocene Columbia River Basalt Group, Wanapum Basalt", "km_to_find": 77.8}}, {"type": "Feature", "geometry": {"type": "Point", "coordinates": [-122.00579, 48.74347]}, "properties": {"rank": 782, "name": "Swen Larsen", "operator": "United Western Supply Co", "county": "Whatcom", "acres": 20.0, "depth_ft": 100.0, "commodity": "Rock and Stone", "ground": "bedrock or older", "tier": 3, "unit": "pre-Tertiary ultramafic rocks", "km_to_find": 69.3}}, {"type": "Feature", "geometry": {"type": "Point", "coordinates": [-120.34038, 46.96929]}, "properties": {"rank": 783, "name": "Dale Defoor/Central Nursery", "operator": "Dale Defoor", "county": "Kittitas", "acres": 101.0, "depth_ft": 10.0, "commodity": "Sand and Gravel", "ground": "bedrock or older", "tier": 3, "unit": "Miocene Columbia River Basalt Group, Grande Ronde Basalt", "km_to_find": 34.6}}, {"type": "Feature", "geometry": {"type": "Point", "coordinates": [-117.14799, 47.4592]}, "properties": {"rank": 784, "name": "Qs-C-109 & Ext Rahms", "operator": "Dot - Dept Of Transportation", "county": "Spokane", "acres": 16.82, "depth_ft": 110.0, "commodity": "Rock and Stone", "ground": "bedrock or older", "tier": 3, "unit": "Miocene Columbia River Basalt Group, Wanapum Basalt", "km_to_find": 31.6}}, {"type": "Feature", "geometry": {"type": "Point", "coordinates": [-120.26448, 45.88945]}, "properties": {"rank": 785, "name": "Grabner Quarry", "operator": "Riley Brothers Inc", "county": "Klickitat", "acres": 30.0, "depth_ft": 70.0, "commodity": "Rock and Stone", "ground": "bedrock or older", "tier": 3, "unit": "Miocene Columbia River Basalt Group, Saddle Mountains Basalt", "km_to_find": 116.0}}, {"type": "Feature", "geometry": {"type": "Point", "coordinates": [-121.80732, 47.50915]}, "properties": {"rank": 786, "name": "North Bend Quarry", "operator": "Mt Si Quarry Inc", "county": "King", "acres": 18.0, "depth_ft": 100.0, "commodity": "Rock and Stone", "ground": "bedrock or older", "tier": 3, "unit": "Tertiary intrusive rocks", "km_to_find": 60.3}}, {"type": "Feature", "geometry": {"type": "Point", "coordinates": [-117.12456, 47.44556]}, "properties": {"rank": 787, "name": "Rockford 35-33", "operator": "Spokane County Public Works", "county": "Spokane", "acres": 23.5, "depth_ft": 80.0, "commodity": "Sand and Gravel", "ground": "bedrock or older", "tier": 3, "unit": "Miocene Columbia River Basalt Group, Wanapum Basalt", "km_to_find": 33.5}}, {"type": "Feature", "geometry": {"type": "Point", "coordinates": [-120.78378, 47.11775]}, "properties": {"rank": 788, "name": "Gibson Pit Elk Heights", "operator": "Elk Heights Cement Products Llc", "county": "Kittitas", "acres": 20.0, "depth_ft": 90.0, "commodity": "Rock and Stone", "ground": "bedrock or older", "tier": 3, "unit": "Miocene Columbia River Basalt Group, Grande Ronde Basalt", "km_to_find": 27.3}}, {"type": "Feature", "geometry": {"type": "Point", "coordinates": [-119.97193, 47.04171]}, "properties": {"rank": 789, "name": "Section 20", "operator": "Imerys Minerals California Inc", "county": "Grant", "acres": 44.0, "depth_ft": 42.0, "commodity": "Diatomite", "ground": "bedrock or older", "tier": 3, "unit": "Miocene Columbia River Basalt Group, Wanapum Basalt", "km_to_find": 63.7}}, {"type": "Feature", "geometry": {"type": "Point", "coordinates": [-118.98527, 48.72651]}, "properties": {"rank": 790, "name": "Wauconda P5-5", "operator": "Okanogan County Public Works", "county": "Okanogan", "acres": 12.86, "depth_ft": 110.0, "commodity": "Sand and Gravel", "ground": "bedrock or older", "tier": 3, "unit": "Mesozoic intrusive rocks", "km_to_find": 126.2}}, {"type": "Feature", "geometry": {"type": "Point", "coordinates": [-122.93604, 46.35665]}, "properties": {"rank": 791, "name": "Olequa Quarry", "operator": "Craig Opsahl Rock & Const", "county": "Cowlitz", "acres": 6.9, "depth_ft": 130.0, "commodity": "Rock and Stone", "ground": "bedrock or older", "tier": 3, "unit": "Tertiary volcanic rocks", "km_to_find": 140.6}}, {"type": "Feature", "geometry": {"type": "Point", "coordinates": [-120.05996, 47.23989]}, "properties": {"rank": 792, "name": "Vulcan Pit", "operator": "Prazer Construction Llc", "county": "Douglas", "acres": 15.0, "depth_ft": 100.0, "commodity": "Sand and Gravel", "ground": "bedrock or older", "tier": 3, "unit": "Miocene Columbia River Basalt Group, Grande Ronde Basalt", "km_to_find": 50.3}}, {"type": "Feature", "geometry": {"type": "Point", "coordinates": [-120.88433, 45.69135]}, "properties": {"rank": 793, "name": "Neil Kayser/Kayser & Sons", "operator": "Neil C Kayser", "county": "Klickitat", "acres": 20.0, "depth_ft": 80.0, "commodity": "Rock and Stone", "ground": "bedrock or older", "tier": 3, "unit": "Miocene Columbia River Basalt Group, Wanapum Basalt", "km_to_find": 131.5}}, {"type": "Feature", "geometry": {"type": "Point", "coordinates": [-119.09523, 46.94541]}, "properties": {"rank": 794, "name": "Cole Quarry", "operator": "Curtis Cole", "county": "Grant", "acres": 35.0, "depth_ft": 50.0, "commodity": "Rock and Stone", "ground": "bedrock or older", "tier": 3, "unit": "Miocene Columbia River Basalt Group, Saddle Mountains Basalt", "km_to_find": 45.6}}, {"type": "Feature", "geometry": {"type": "Point", "coordinates": [-117.16705, 47.30306]}, "properties": {"rank": 795, "name": "Pottratz Quarry", "operator": "Copenhaver Construction Inc", "county": "Spokane", "acres": 12.0, "depth_ft": 105.0, "commodity": "Rock and Stone", "ground": "bedrock or older", "tier": 3, "unit": "Miocene Columbia River Basalt Group, Wanapum Basalt", "km_to_find": 29.1}}, {"type": "Feature", "geometry": {"type": "Point", "coordinates": [-123.19318, 46.6319]}, "properties": {"rank": 796, "name": "Rock Services Inc", "operator": "Rock Services Inc", "county": "Lewis", "acres": 14.0, "depth_ft": 100.0, "commodity": "Rock and Stone", "ground": "bedrock or older", "tier": 3, "unit": "Miocene Columbia River Basalt Group, Grande Ronde Basalt", "km_to_find": 116.6}}, {"type": "Feature", "geometry": {"type": "Point", "coordinates": [-121.15975, 45.65007]}, "properties": {"rank": 797, "name": "Northly Smith", "operator": "Interstate Concrete & Asphalt Dba Hood River", "county": "Klickitat", "acres": 60.0, "depth_ft": 20.0, "commodity": "Rock and Stone", "ground": "bedrock or older", "tier": 3, "unit": "Miocene Columbia River Basalt Group, Wanapum Basalt", "km_to_find": 139.1}}, {"type": "Feature", "geometry": {"type": "Point", "coordinates": [-122.813, 46.35051]}, "properties": {"rank": 798, "name": "Tower Rd Pit", "operator": "Tim Brown Logging Inc", "county": "Cowlitz", "acres": 3.0, "depth_ft": 120.0, "commodity": "Rock and Stone", "ground": "bedrock or older", "tier": 3, "unit": "Tertiary volcanic rocks", "km_to_find": 139.9}}, {"type": "Feature", "geometry": {"type": "Point", "coordinates": [-119.67447, 46.30929]}, "properties": {"rank": 799, "name": "Coates", "operator": "Benton County Public Works", "county": "Benton", "acres": 16.86, "depth_ft": 80.0, "commodity": "Rock and Stone", "ground": "bedrock or older", "tier": 3, "unit": "Miocene Columbia River Basalt Group, Saddle Mountains Basalt", "km_to_find": 104.7}}, {"type": "Feature", "geometry": {"type": "Point", "coordinates": [-120.17279, 47.56204]}, "properties": {"rank": 800, "name": "Pit 3 Sw", "operator": "Douglas County Tls", "county": "Douglas", "acres": 13.85, "depth_ft": 90.0, "commodity": "Sand and Gravel", "ground": "bedrock or older", "tier": 3, "unit": "Miocene Columbia River Basalt Group, Grande Ronde Basalt", "km_to_find": 26.4}}, {"type": "Feature", "geometry": {"type": "Point", "coordinates": [-120.14333, 48.42764]}, "properties": {"rank": 801, "name": "Winthrop Shop P3-20", "operator": "Okanogan County Public Works", "county": "Okanogan", "acres": 27.62, "depth_ft": 50.0, "commodity": "Sand and Gravel", "ground": "bedrock or older", "tier": 3, "unit": "Mesozoic volcanic and sedimentary rocks", "km_to_find": 100.0}}, {"type": "Feature", "geometry": {"type": "Point", "coordinates": [-121.59104, 48.26192]}, "properties": {"rank": 802, "name": "Gold Hill", "operator": "A & E Llc", "county": "Snohomish", "acres": 15.22, "depth_ft": 80.0, "commodity": "Rock and Stone", "ground": "bedrock or older", "tier": 3, "unit": "Mesozoic metasedimentary rocks", "km_to_find": 88.2}}, {"type": "Feature", "geometry": {"type": "Point", "coordinates": [-117.08578, 46.93176]}, "properties": {"rank": 803, "name": "Gnaedinger", "operator": "Whitman County Public Works", "county": "Whitman", "acres": 9.42, "depth_ft": 100.0, "commodity": "Rock and Stone", "ground": "bedrock or older", "tier": 3, "unit": "Miocene Columbia River Basalt Group, Wanapum Basalt", "km_to_find": 44.7}}, {"type": "Feature", "geometry": {"type": "Point", "coordinates": [-120.15582, 46.48963]}, "properties": {"rank": 804, "name": "Qs-E-206", "operator": "Dot - Dept Of Transportation", "county": "Yakima", "acres": 9.0, "depth_ft": 100.0, "commodity": "Sand and Gravel", "ground": "bedrock or older", "tier": 3, "unit": "Miocene Columbia River Basalt Group, Saddle Mountains Basalt", "km_to_find": 63.4}}, {"type": "Feature", "geometry": {"type": "Point", "coordinates": [-119.02028, 47.77023]}, "properties": {"rank": 805, "name": "Highland Pit #2", "operator": "Grant County Public Works", "county": "Grant", "acres": 19.0, "depth_ft": 70.0, "commodity": "Rock and Stone", "ground": "bedrock or older", "tier": 3, "unit": "Miocene Columbia River Basalt Group, Wanapum Basalt", "km_to_find": 25.7}}, {"type": "Feature", "geometry": {"type": "Point", "coordinates": [-117.38611, 46.88874]}, "properties": {"rank": 806, "name": "Qs-P-34 Colfax-West", "operator": "Dot - Dept Of Transportation", "county": "Whitman", "acres": 8.3, "depth_ft": 100.0, "commodity": "Rock and Stone", "ground": "bedrock or older", "tier": 3, "unit": "Miocene Columbia River Basalt Group, Wanapum Basalt", "km_to_find": 30.8}}, {"type": "Feature", "geometry": {"type": "Point", "coordinates": [-118.99651, 46.66702]}, "properties": {"rank": 807, "name": "Qs-Fn-110", "operator": "Dot - Dept Of Transportation", "county": "Franklin", "acres": 21.0, "depth_ft": 60.0, "commodity": "Rock and Stone", "ground": "bedrock or older", "tier": 3, "unit": "Miocene Columbia River Basalt Group, Saddle Mountains Basalt", "km_to_find": 52.9}}, {"type": "Feature", "geometry": {"type": "Point", "coordinates": [-117.93902, 47.65612]}, "properties": {"rank": 808, "name": "Qs-T-185 Morrison", "operator": "Dot - Dept Of Transportation", "county": "Lincoln", "acres": 36.75, "depth_ft": 38.0, "commodity": "Sand and Gravel", "ground": "bedrock or older", "tier": 3, "unit": "Miocene Columbia River Basalt Group, Wanapum Basalt", "km_to_find": 33.9}}, {"type": "Feature", "geometry": {"type": "Point", "coordinates": [-121.27625, 45.91928]}, "properties": {"rank": 809, "name": "Fisherhill Quarry", "operator": "Klickitat County Public Works", "county": "Klickitat", "acres": 19.98, "depth_ft": 68.0, "commodity": "Rock and Stone", "ground": "bedrock or older", "tier": 3, "unit": "Miocene Columbia River Basalt Group, Wanapum Basalt", "km_to_find": 112.7}}, {"type": "Feature", "geometry": {"type": "Point", "coordinates": [-119.79136, 46.12848]}, "properties": {"rank": 810, "name": "Horrigan", "operator": "Benton County Public Works", "county": "Benton", "acres": 25.77, "depth_ft": 50.0, "commodity": "Rock and Stone", "ground": "bedrock or older", "tier": 3, "unit": "Miocene Columbia River Basalt Group, Saddle Mountains Basalt", "km_to_find": 111.7}}, {"type": "Feature", "geometry": {"type": "Point", "coordinates": [-119.54681, 46.28299]}, "properties": {"rank": 811, "name": "R-102 Highland", "operator": "Benton County Public Works", "county": "Benton", "acres": 25.5, "depth_ft": 50.0, "commodity": "Sand and Gravel", "ground": "bedrock or older", "tier": 3, "unit": "Miocene Columbia River Basalt Group, Saddle Mountains Basalt", "km_to_find": 112.9}}, {"type": "Feature", "geometry": {"type": "Point", "coordinates": [-118.70219, 46.00173]}, "properties": {"rank": 812, "name": "Weaver", "operator": "Konen Rock Products Inc", "county": "Walla Walla", "acres": 15.39, "depth_ft": 75.0, "commodity": "Sand and Gravel", "ground": "bedrock or older", "tier": 3, "unit": "Miocene Columbia River Basalt Group, Wanapum Basalt", "km_to_find": 110.2}}, {"type": "Feature", "geometry": {"type": "Point", "coordinates": [-122.43926, 45.76525]}, "properties": {"rank": 813, "name": "Finn Hill", "operator": "Clark County Public Works", "county": "Clark", "acres": 5.0, "depth_ft": 100.0, "commodity": "Rock and Stone", "ground": "bedrock or older", "tier": 3, "unit": "Tertiary volcanic rocks", "km_to_find": 177.5}}, {"type": "Feature", "geometry": {"type": "Point", "coordinates": [-122.41296, 48.66561]}, "properties": {"rank": 814, "name": "Bloedel 1", "operator": "Bloedel Timberlands", "county": "Whatcom", "acres": 5.0, "depth_ft": 100.0, "commodity": "Rock and Stone", "ground": "bedrock or older", "tier": 3, "unit": "Mesozoic metasedimentary rocks", "km_to_find": 38.3}}, {"type": "Feature", "geometry": {"type": "Point", "coordinates": [-118.12102, 46.28201]}, "properties": {"rank": 815, "name": "Qs-O-66", "operator": "Dot - Dept Of Transportation", "county": "Walla Walla", "acres": 7.3, "depth_ft": 85.0, "commodity": "Rock and Stone", "ground": "bedrock or older", "tier": 3, "unit": "Miocene Columbia River Basalt Group, Grande Ronde Basalt", "km_to_find": 57.5}}, {"type": "Feature", "geometry": {"type": "Point", "coordinates": [-118.3039, 47.19362]}, "properties": {"rank": 816, "name": "Qs-Ad-23 Klien", "operator": "Dot - Dept Of Transportation", "county": "Adams", "acres": 29.0, "depth_ft": 35.0, "commodity": "Rock and Stone", "ground": "bedrock or older", "tier": 3, "unit": "Miocene Columbia River Basalt Group, Wanapum Basalt", "km_to_find": 26.2}}, {"type": "Feature", "geometry": {"type": "Point", "coordinates": [-117.29446, 47.93546]}, "properties": {"rank": 817, "name": "Chattaroy Hardrock", "operator": "Riverside Concrete Inc Dba Bodes Sand And Gravel", "county": "Spokane", "acres": 38.0, "depth_ft": 25.0, "commodity": "Rock and Stone", "ground": "bedrock or older", "tier": 3, "unit": "Miocene Columbia River Basalt Group, Wanapum Basalt", "km_to_find": 54.2}}, {"type": "Feature", "geometry": {"type": "Point", "coordinates": [-117.7263, 47.80541]}, "properties": {"rank": 818, "name": "Long Lake 70-26", "operator": "Spokane County Public Works", "county": "Spokane", "acres": 13.0, "depth_ft": 70.0, "commodity": "Sand and Gravel", "ground": "bedrock or older", "tier": 3, "unit": "Miocene Columbia River Basalt Group, Grande Ronde Basalt", "km_to_find": 37.8}}, {"type": "Feature", "geometry": {"type": "Point", "coordinates": [-119.12241, 46.91134]}, "properties": {"rank": 819, "name": "Campbell #37", "operator": "Adams County Public Works", "county": "Adams", "acres": 37.0, "depth_ft": 25.0, "commodity": "Rock and Stone", "ground": "bedrock or older", "tier": 3, "unit": "Miocene Columbia River Basalt Group, Wanapum Basalt", "km_to_find": 48.3}}, {"type": "Feature", "geometry": {"type": "Point", "coordinates": [-122.8645, 46.15251]}, "properties": {"rank": 820, "name": "Kelso Quarry", "operator": "High Level Llc", "county": "Cowlitz", "acres": 20.0, "depth_ft": 50.0, "commodity": "Rock and Stone", "ground": "bedrock or older", "tier": 3, "unit": "Tertiary sedimentary rocks and deposits", "km_to_find": 162.2}}, {"type": "Feature", "geometry": {"type": "Point", "coordinates": [-122.13327, 46.53342]}, "properties": {"rank": 821, "name": "Martin Road Pit", "operator": "Rock Services Inc", "county": "Lewis", "acres": 8.3, "depth_ft": 80.0, "commodity": "Rock and Stone", "ground": "bedrock or older", "tier": 3, "unit": "Tertiary fragmental volcanic rocks and deposits (includes lahars)", "km_to_find": 110.3}}, {"type": "Feature", "geometry": {"type": "Point", "coordinates": [-117.2152, 47.55367]}, "properties": {"rank": 822, "name": "Mica Quarry 44-23", "operator": "John Konzal", "county": "Spokane", "acres": 31.0, "depth_ft": 30.0, "commodity": "Rock and Stone", "ground": "bedrock or older", "tier": 3, "unit": "Miocene Columbia River Basalt Group, Wanapum Basalt", "km_to_find": 27.5}}, {"type": "Feature", "geometry": {"type": "Point", "coordinates": [-119.46168, 46.12737]}, "properties": {"rank": 823, "name": "Travis", "operator": "Benton County Public Works", "county": "Benton", "acres": 24.560000000000002, "depth_ft": 40.0, "commodity": "Rock and Stone", "ground": "bedrock or older", "tier": 3, "unit": "Miocene Columbia River Basalt Group, Saddle Mountains Basalt", "km_to_find": 121.7}}, {"type": "Feature", "geometry": {"type": "Point", "coordinates": [-119.92313, 47.27646]}, "properties": {"rank": 824, "name": "Weber Quarry", "operator": "North Central Construction Inc", "county": "Grant", "acres": 20.0, "depth_ft": 46.0, "commodity": "Rock and Stone", "ground": "bedrock or older", "tier": 3, "unit": "Miocene Columbia River Basalt Group, Wanapum Basalt", "km_to_find": 55.5}}, {"type": "Feature", "geometry": {"type": "Point", "coordinates": [-117.47807, 46.39879]}, "properties": {"rank": 825, "name": "Kuhn Basalt Quarry", "operator": "Granite Construction Co (East)", "county": "Garfield", "acres": 25.0, "depth_ft": 35.0, "commodity": "Rock and Stone", "ground": "bedrock or older", "tier": 3, "unit": "Miocene Columbia River Basalt Group, Wanapum Basalt", "km_to_find": 37.8}}, {"type": "Feature", "geometry": {"type": "Point", "coordinates": [-117.29492, 47.93293]}, "properties": {"rank": 826, "name": "Pat Kehn No. 84-07", "operator": "Spokane County Public Works", "county": "Spokane", "acres": 25.0, "depth_ft": 35.0, "commodity": "Rock and Stone", "ground": "bedrock or older", "tier": 3, "unit": "Miocene Columbia River Basalt Group, Wanapum Basalt", "km_to_find": 54.0}}, {"type": "Feature", "geometry": {"type": "Point", "coordinates": [-119.80539, 47.8296]}, "properties": {"rank": 827, "name": "Holcomb Quarry", "operator": "Douglas County Tls", "county": "Douglas", "acres": 20.0, "depth_ft": 45.0, "commodity": "Rock and Stone", "ground": "bedrock or older", "tier": 3, "unit": "Miocene Columbia River Basalt Group, Wanapum Basalt", "km_to_find": 47.5}}, {"type": "Feature", "geometry": {"type": "Point", "coordinates": [-118.61562, 47.76833]}, "properties": {"rank": 828, "name": "Qs-T-213 Sherman Draw", "operator": "Dot - Dept Of Transportation", "county": "Lincoln", "acres": 13.72, "depth_ft": 60.0, "commodity": "Rock and Stone", "ground": "bedrock or older", "tier": 3, "unit": "Miocene Columbia River Basalt Group, Wanapum Basalt", "km_to_find": 51.7}}, {"type": "Feature", "geometry": {"type": "Point", "coordinates": [-119.13485, 46.15605]}, "properties": {"rank": 829, "name": "Owens Mine R-87", "operator": "Benton County Public Works", "county": "Benton", "acres": 20.3, "depth_ft": 40.0, "commodity": "Sand and Gravel", "ground": "bedrock or older", "tier": 3, "unit": "Miocene Columbia River Basalt Group, Saddle Mountains Basalt", "km_to_find": 105.6}}, {"type": "Feature", "geometry": {"type": "Point", "coordinates": [-122.40506, 45.67275]}, "properties": {"rank": 830, "name": "Livingston", "operator": "Tower Rock Products Inc", "county": "Clark", "acres": 20.0, "depth_ft": 40.0, "commodity": "Rock and Stone", "ground": "bedrock or older", "tier": 3, "unit": "Tertiary volcanic rocks", "km_to_find": 183.1}}, {"type": "Feature", "geometry": {"type": "Point", "coordinates": [-118.37425, 46.23466]}, "properties": {"rank": 831, "name": "Qs-O-38 & Ext", "operator": "Dot - Dept Of Transportation", "county": "Walla Walla", "acres": 6.5, "depth_ft": 70.0, "commodity": "Rock and Stone", "ground": "bedrock or older", "tier": 3, "unit": "Miocene Columbia River Basalt Group, Wanapum Basalt", "km_to_find": 74.1}}, {"type": "Feature", "geometry": {"type": "Point", "coordinates": [-120.21324, 46.49706]}, "properties": {"rank": 832, "name": "Black Star Quarry", "operator": "Jeff Gamache Farms Inc", "county": "Yakima", "acres": 15.0, "depth_ft": 50.0, "commodity": "Rock and Stone", "ground": "bedrock or older", "tier": 3, "unit": "Miocene Columbia River Basalt Group, Saddle Mountains Basalt", "km_to_find": 59.7}}, {"type": "Feature", "geometry": {"type": "Point", "coordinates": [-117.91898, 46.29081]}, "properties": {"rank": 833, "name": "Warren", "operator": "Columbia County Public Works", "county": "Columbia", "acres": 18.1, "depth_ft": 40.0, "commodity": "Rock and Stone", "ground": "bedrock or older", "tier": 3, "unit": "Miocene Columbia River Basalt Group, Grande Ronde Basalt", "km_to_find": 49.4}}, {"type": "Feature", "geometry": {"type": "Point", "coordinates": [-119.73512, 46.23809]}, "properties": {"rank": 834, "name": "Cherry Lane", "operator": "Benton County Public Works", "county": "Benton", "acres": 16.0, "depth_ft": 40.0, "commodity": "Rock and Stone", "ground": "bedrock or older", "tier": 3, "unit": "Miocene Columbia River Basalt Group, Saddle Mountains Basalt", "km_to_find": 106.1}}, {"type": "Feature", "geometry": {"type": "Point", "coordinates": [-117.73249, 47.75812]}, "properties": {"rank": 835, "name": "Wood 60-14", "operator": "Spokane County Public Works", "county": "Spokane", "acres": 10.0, "depth_ft": 50.0, "commodity": "Rock and Stone", "ground": "bedrock or older", "tier": 3, "unit": "Miocene Columbia River Basalt Group, Wanapum Basalt", "km_to_find": 33.0}}, {"type": "Feature", "geometry": {"type": "Point", "coordinates": [-120.28128, 45.72826]}, "properties": {"rank": 836, "name": "Harris", "operator": "Deatley Crushing Co Inc", "county": "Klickitat", "acres": 10.0, "depth_ft": 50.0, "commodity": "Sand and Gravel", "ground": "bedrock or older", "tier": 3, "unit": "Miocene Columbia River Basalt Group, Wanapum Basalt", "km_to_find": 132.7}}, {"type": "Feature", "geometry": {"type": "Point", "coordinates": [-119.38551, 46.26734]}, "properties": {"rank": 837, "name": "Qs-R-18", "operator": "Dot - Dept Of Transportation", "county": "Benton", "acres": 8.0, "depth_ft": 50.0, "commodity": "Rock and Stone", "ground": "bedrock or older", "tier": 3, "unit": "Miocene Columbia River Basalt Group, Saddle Mountains Basalt", "km_to_find": 105.9}}, {"type": "Feature", "geometry": {"type": "Point", "coordinates": [-118.01233, 47.52533]}, "properties": {"rank": 838, "name": "Lpp-Gp-145/Stack Pit", "operator": "Lincoln County Public Works", "county": "Lincoln", "acres": 20.0, "depth_ft": 25.0, "commodity": "Sand and Gravel", "ground": "bedrock or older", "tier": 3, "unit": "Miocene Columbia River Basalt Group, Wanapum Basalt", "km_to_find": 33.8}}, {"type": "Feature", "geometry": {"type": "Point", "coordinates": [-120.80342, 47.12308]}, "properties": {"rank": 839, "name": "Ps-C-56 Elk Heights", "operator": "Kittitas County Public Works", "county": "Kittitas", "acres": 6.9, "depth_ft": 50.0, "commodity": "Sand and Gravel", "ground": "bedrock or older", "tier": 3, "unit": "Miocene Columbia River Basalt Group, Grande Ronde Basalt", "km_to_find": 28.0}}, {"type": "Feature", "geometry": {"type": "Point", "coordinates": [-119.93051, 47.73335]}, "properties": {"rank": 840, "name": "Sprauer Quarry", "operator": "Douglas County Tls", "county": "Douglas", "acres": 11.0, "depth_ft": 42.0, "commodity": "Rock and Stone", "ground": "bedrock or older", "tier": 3, "unit": "Miocene Columbia River Basalt Group, Wanapum Basalt", "km_to_find": 48.3}}, {"type": "Feature", "geometry": {"type": "Point", "coordinates": [-118.44259, 47.71783]}, "properties": {"rank": 841, "name": "Qs-T-21 Telford", "operator": "Dot - Dept Of Transportation", "county": "Lincoln", "acres": 17.93, "depth_ft": 30.0, "commodity": "Rock and Stone", "ground": "bedrock or older", "tier": 3, "unit": "Miocene Columbia River Basalt Group, Wanapum Basalt", "km_to_find": 62.7}}, {"type": "Feature", "geometry": {"type": "Point", "coordinates": [-120.31928, 46.03019]}, "properties": {"rank": 842, "name": "Ingram", "operator": "Klickitat County Public Works", "county": "Klickitat", "acres": 5.0, "depth_ft": 50.0, "commodity": "Rock and Stone", "ground": "bedrock or older", "tier": 3, "unit": "Miocene Columbia River Basalt Group, Saddle Mountains Basalt", "km_to_find": 99.8}}, {"type": "Feature", "geometry": {"type": "Point", "coordinates": [-118.71882, 47.85448]}, "properties": {"rank": 843, "name": "Qs-T-67 Johnson", "operator": "Dot - Dept Of Transportation", "county": "Lincoln", "acres": 8.0, "depth_ft": 47.0, "commodity": "Rock and Stone", "ground": "bedrock or older", "tier": 3, "unit": "Miocene Columbia River Basalt Group, Wanapum Basalt", "km_to_find": 49.1}}, {"type": "Feature", "geometry": {"type": "Point", "coordinates": [-118.26674, 47.46476]}, "properties": {"rank": 844, "name": "Qs-T-195 Harrington", "operator": "Dot - Dept Of Transportation", "county": "Lincoln", "acres": 14.0, "depth_ft": 35.0, "commodity": "Rock and Stone", "ground": "bedrock or older", "tier": 3, "unit": "Miocene Columbia River Basalt Group, Wanapum Basalt", "km_to_find": 52.7}}, {"type": "Feature", "geometry": {"type": "Point", "coordinates": [-118.17099, 47.56459]}, "properties": {"rank": 845, "name": "Qs-T-196 Bluestem", "operator": "Dot - Dept Of Transportation", "county": "Lincoln", "acres": 13.0, "depth_ft": 35.0, "commodity": "Rock and Stone", "ground": "bedrock or older", "tier": 3, "unit": "Miocene Columbia River Basalt Group, Wanapum Basalt", "km_to_find": 46.3}}, {"type": "Feature", "geometry": {"type": "Point", "coordinates": [-118.28888, 47.64303]}, "properties": {"rank": 846, "name": "Sterett Quarry", "operator": "Copenhaver Construction Inc", "county": "Lincoln", "acres": 15.0, "depth_ft": 30.0, "commodity": "Rock and Stone", "ground": "bedrock or older", "tier": 3, "unit": "Miocene Columbia River Basalt Group, Wanapum Basalt", "km_to_find": 57.0}}, {"type": "Feature", "geometry": {"type": "Point", "coordinates": [-119.59624, 46.93557]}, "properties": {"rank": 847, "name": "Block 86 Quarry #53", "operator": "Grant County Public Works", "county": "Grant", "acres": 13.200000000000001, "depth_ft": 30.0, "commodity": "Rock and Stone", "ground": "bedrock or older", "tier": 3, "unit": "Miocene Columbia River Basalt Group, Saddle Mountains Basalt", "km_to_find": 78.8}}, {"type": "Feature", "geometry": {"type": "Point", "coordinates": [-118.4008, 47.23374]}, "properties": {"rank": 848, "name": "Marcellus #17", "operator": "Adams County Public Works", "county": "Adams", "acres": 14.65, "depth_ft": 25.0, "commodity": "Sand and Gravel", "ground": "bedrock or older", "tier": 3, "unit": "Miocene Columbia River Basalt Group, Wanapum Basalt", "km_to_find": 27.1}}, {"type": "Feature", "geometry": {"type": "Point", "coordinates": [-122.22866, 48.43767]}, "properties": {"rank": 849, "name": "Beaver Lake", "operator": "Beaver Lake Quarry Inc", "county": "Skagit", "acres": 14.5, "depth_ft": 25.0, "commodity": "Rock and Stone", "ground": "bedrock or older", "tier": 3, "unit": "Mesozoic heterogeneous metamorphic rocks", "km_to_find": 53.1}}, {"type": "Feature", "geometry": {"type": "Point", "coordinates": [-120.22587, 46.05454]}, "properties": {"rank": 850, "name": "Holloway", "operator": "Yakima County Public Works", "county": "Yakima", "acres": 6.93, "depth_ft": 35.0, "commodity": "Rock and Stone", "ground": "bedrock or older", "tier": 3, "unit": "Miocene Columbia River Basalt Group, Saddle Mountains Basalt", "km_to_find": 100.1}}, {"type": "Feature", "geometry": {"type": "Point", "coordinates": [-119.5063, 48.8279]}, "properties": {"rank": 851, "name": "Williams Pit P6-51", "operator": "Okanogan County Public Works", "county": "Okanogan", "acres": 5.62, "depth_ft": 35.0, "commodity": "Sand and Gravel", "ground": "bedrock or older", "tier": 3, "unit": "Paleozoic metasedimentary rocks", "km_to_find": 136.9}}, {"type": "Feature", "geometry": {"type": "Point", "coordinates": [-118.18867, 47.82427]}, "properties": {"rank": 852, "name": "Qs-T-116 Hammerschmidt", "operator": "Dot - Dept Of Transportation", "county": "Lincoln", "acres": 5.3, "depth_ft": 35.0, "commodity": "Rock and Stone", "ground": "bedrock or older", "tier": 3, "unit": "Miocene Columbia River Basalt Group, Wanapum Basalt", "km_to_find": 60.1}}, {"type": "Feature", "geometry": {"type": "Point", "coordinates": [-119.59352, 46.87408]}, "properties": {"rank": 853, "name": "Baseline Rd", "operator": "Baseline Trucking Inc", "county": "Grant", "acres": 5.0, "depth_ft": 35.0, "commodity": "Sand and Gravel", "ground": "bedrock or older", "tier": 3, "unit": "Miocene Columbia River Basalt Group, Saddle Mountains Basalt", "km_to_find": 84.2}}, {"type": "Feature", "geometry": {"type": "Point", "coordinates": [-119.59406, 46.87073]}, "properties": {"rank": 854, "name": "Royal Ready Mix", "operator": "Royal Ready Mix Inc", "county": "Grant", "acres": 9.5, "depth_ft": 30.0, "commodity": "Sand and Gravel", "ground": "bedrock or older", "tier": 3, "unit": "Miocene Columbia River Basalt Group, Saddle Mountains Basalt", "km_to_find": 84.3}}, {"type": "Feature", "geometry": {"type": "Point", "coordinates": [-120.25327, 46.97657]}, "properties": {"rank": 855, "name": "Saddle Mt Pit C-54", "operator": "Kittitas County Public Works", "county": "Kittitas", "acres": 6.9, "depth_ft": 30.0, "commodity": "Rock and Stone", "ground": "bedrock or older", "tier": 3, "unit": "Miocene Columbia River Basalt Group, Grande Ronde Basalt", "km_to_find": 41.2}}, {"type": "Feature", "geometry": {"type": "Point", "coordinates": [-120.31749, 46.97926]}, "properties": {"rank": 856, "name": "Bennett Pit", "operator": "Kittitas County Public Works", "county": "Kittitas", "acres": 6.9, "depth_ft": 30.0, "commodity": "Rock and Stone", "ground": "bedrock or older", "tier": 3, "unit": "Miocene Columbia River Basalt Group, Wanapum Basalt", "km_to_find": 36.6}}, {"type": "Feature", "geometry": {"type": "Point", "coordinates": [-117.58426, 47.82867]}, "properties": {"rank": 857, "name": "Brown Quarry", "operator": "Richard Brown", "county": "Stevens", "acres": 6.34, "depth_ft": 30.0, "commodity": "Rock and Stone", "ground": "bedrock or older", "tier": 3, "unit": "Miocene Columbia River Basalt Group, Grande Ronde Basalt", "km_to_find": 38.4}}, {"type": "Feature", "geometry": {"type": "Point", "coordinates": [-119.95664, 47.7012]}, "properties": {"rank": 858, "name": "Slusser Quarry Do-97", "operator": "Apple Valley Concrete Llc", "county": "Douglas", "acres": 5.5, "depth_ft": 30.0, "commodity": "Rock and Stone", "ground": "bedrock or older", "tier": 3, "unit": "Miocene Columbia River Basalt Group, Grande Ronde Basalt", "km_to_find": 45.2}}, {"type": "Feature", "geometry": {"type": "Point", "coordinates": [-117.35583, 47.75006]}, "properties": {"rank": 859, "name": "Piper Sand Pit", "operator": "Wittkopf Enterprises Inc", "county": "Spokane", "acres": 7.94, "depth_ft": 25.0, "commodity": "Sand and Gravel", "ground": "bedrock or older", "tier": 3, "unit": "Tertiary sedimentary rocks and deposits", "km_to_find": 33.6}}]}